userId,movieId,rating,timestamp
759,200000,4.5,1600000000
306,200000,4.9,1600000000
820,200000,3.6,1600000000
965,200000,4.9,1600000000
251,200000,3.7,1600000000
428,200000,4.6,1600000000
48,200000,3.5,1600000000
765,200000,5.0,1600000000
424,200000,3.5,1600000000
519,200000,4.0,1600000000
910,200000,4.2,1600000000
462,200000,3.5,1600000000
384,200000,4.0,1600000000
24,200000,4.8,1600000000
258,200000,3.8,1600000000
983,200000,3.8,1600000000
670,200000,4.9,1600000000
964,200000,4.1,1600000000
105,200000,4.8,1600000000
954,200000,4.7,1600000000
479,200000,4.9,1600000000
637,200000,3.7,1600000000
966,200000,4.2,1600000000
296,200000,3.7,1600000000
376,200000,4.5,1600000000
171,200000,4.5,1600000000
488,200000,4.1,1600000000
254,200000,3.6,1600000000
328,200000,4.1,1600000000
510,200000,4.4,1600000000
665,200000,4.1,1600000000
667,200000,4.6,1600000000
522,200000,3.9,1600000000
907,200000,4.2,1600000000
71,200000,4.4,1600000000
461,200000,4.5,1600000000
727,200000,4.3,1600000000
49,200000,4.8,1600000000
355,200000,5.0,1600000000
615,200000,4.4,1600000000
594,200000,4.7,1600000000
157,200000,3.9,1600000000
616,200000,3.7,1600000000
421,200000,4.9,1600000000
103,200000,4.1,1600000000
60,200000,4.4,1600000000
89,200000,4.4,1600000000
469,200000,3.7,1600000000
30,200000,4.5,1600000000
643,200000,4.7,1600000000
221,200000,4.9,1600000000
273,200000,3.7,1600000000
564,200000,4.9,1600000000
16,200000,4.8,1600000000
751,200000,4.6,1600000000
18,200000,4.6,1600000000
2,200000,4.5,1600000000
696,200000,4.9,1600000000
442,200000,4.3,1600000000
316,200000,4.2,1600000000
662,200000,4.9,1600000000
319,200000,3.9,1600000000
272,200001,4.1,1600000000
565,200001,3.7,1600000000
32,200001,4.0,1600000000
174,200001,4.5,1600000000
589,200001,4.2,1600000000
96,200001,3.7,1600000000
813,200001,4.6,1600000000
641,200001,4.2,1600000000
787,200001,4.0,1600000000
202,200001,4.2,1600000000
559,200001,5.0,1600000000
142,200001,4.5,1600000000
384,200001,5.0,1600000000
45,200001,4.7,1600000000
555,200001,4.7,1600000000
738,200001,4.6,1600000000
788,200001,3.6,1600000000
273,200001,3.9,1600000000
264,200001,4.9,1600000000
75,200001,4.3,1600000000
776,200001,4.3,1600000000
574,200001,4.7,1600000000
839,200001,4.2,1600000000
647,200001,4.4,1600000000
602,200001,4.8,1600000000
654,200001,3.6,1600000000
742,200001,3.8,1600000000
143,200001,4.7,1600000000
792,200001,5.0,1600000000
335,200001,4.5,1600000000
126,200001,4.2,1600000000
854,200001,3.9,1600000000
500,200001,4.5,1600000000
838,200001,3.8,1600000000
127,200001,4.2,1600000000
395,200001,4.3,1600000000
633,200001,4.7,1600000000
688,200001,4.9,1600000000
160,200001,4.2,1600000000
123,200001,4.2,1600000000
670,200001,4.0,1600000000
892,200001,4.1,1600000000
860,200001,3.8,1600000000
640,200001,4.4,1600000000
112,200001,3.5,1600000000
415,200001,3.6,1600000000
662,200001,4.9,1600000000
749,200001,4.9,1600000000
729,200001,3.5,1600000000
530,200001,4.0,1600000000
459,200001,4.5,1600000000
976,200001,3.9,1600000000
226,200001,3.8,1600000000
291,200001,3.9,1600000000
124,200001,3.9,1600000000
580,200001,4.3,1600000000
667,200001,4.7,1600000000
679,200001,4.6,1600000000
862,200001,4.2,1600000000
362,200001,5.0,1600000000
262,200001,4.9,1600000000
993,200001,4.9,1600000000
661,200001,4.2,1600000000
341,200001,4.7,1600000000
550,200001,3.9,1600000000
923,200001,4.6,1600000000
463,200001,3.6,1600000000
255,200001,4.8,1600000000
56,200001,3.7,1600000000
369,200001,4.9,1600000000
151,200001,4.2,1600000000
903,200001,3.8,1600000000
545,200001,4.5,1600000000
293,200001,4.8,1600000000
15,200002,4.0,1600000000
336,200002,4.5,1600000000
386,200002,4.2,1600000000
393,200002,4.0,1600000000
873,200002,3.5,1600000000
80,200002,4.4,1600000000
781,200002,3.6,1600000000
20,200002,3.6,1600000000
85,200002,4.7,1600000000
137,200002,4.3,1600000000
323,200002,4.0,1600000000
549,200002,4.9,1600000000
215,200002,4.4,1600000000
278,200002,3.6,1600000000
694,200002,3.8,1600000000
518,200002,4.4,1600000000
246,200002,3.9,1600000000
225,200002,5.0,1600000000
402,200002,4.0,1600000000
528,200002,4.6,1600000000
592,200002,4.3,1600000000
218,200002,5.0,1600000000
18,200002,4.4,1600000000
655,200002,5.0,1600000000
51,200002,3.9,1600000000
861,200002,4.1,1600000000
564,200002,4.5,1600000000
855,200002,3.6,1600000000
787,200002,4.9,1600000000
605,200002,3.8,1600000000
181,200002,3.9,1600000000
56,200002,4.9,1600000000
183,200002,4.0,1600000000
527,200002,4.0,1600000000
951,200002,3.8,1600000000
332,200002,4.6,1600000000
210,200002,4.1,1600000000
601,200002,4.9,1600000000
595,200002,3.8,1600000000
846,200002,3.9,1600000000
488,200002,3.6,1600000000
577,200002,4.6,1600000000
400,200002,4.9,1600000000
169,200002,4.1,1600000000
819,200002,5.0,1600000000
104,200002,4.5,1600000000
76,200002,3.9,1600000000
604,200002,4.9,1600000000
96,200002,4.3,1600000000
450,200002,3.6,1600000000
581,200002,4.4,1600000000
489,200002,3.8,1600000000
84,200002,4.5,1600000000
837,200002,4.1,1600000000
941,200002,3.7,1600000000
571,200002,4.4,1600000000
913,200002,4.7,1600000000
561,200002,4.7,1600000000
628,200002,3.9,1600000000
899,200002,4.0,1600000000
915,200002,4.3,1600000000
884,200002,3.8,1600000000
763,200002,4.4,1600000000
335,200002,4.7,1600000000
945,200002,4.7,1600000000
847,200002,4.4,1600000000
348,200002,3.6,1600000000
429,200002,3.9,1600000000
23,200002,4.1,1600000000
997,200002,4.2,1600000000
922,200002,4.2,1600000000
239,200002,4.5,1600000000
913,200003,4.7,1600000000
488,200003,4.1,1600000000
357,200003,4.6,1600000000
853,200003,4.3,1600000000
551,200003,3.9,1600000000
605,200003,4.1,1600000000
483,200003,4.7,1600000000
232,200003,4.1,1600000000
891,200003,4.2,1600000000
957,200003,4.3,1600000000
976,200003,4.2,1600000000
133,200003,3.9,1600000000
882,200003,4.5,1600000000
162,200003,4.4,1600000000
452,200003,3.7,1600000000
730,200003,4.5,1600000000
872,200003,4.6,1600000000
292,200003,4.0,1600000000
166,200003,4.9,1600000000
962,200003,4.5,1600000000
236,200003,4.1,1600000000
279,200003,4.4,1600000000
597,200003,4.2,1600000000
313,200003,3.5,1600000000
830,200003,3.9,1600000000
407,200003,4.3,1600000000
350,200003,3.8,1600000000
196,200003,3.6,1600000000
637,200003,4.3,1600000000
391,200003,4.5,1600000000
117,200003,4.6,1600000000
909,200003,3.5,1600000000
677,200003,5.0,1600000000
379,200003,5.0,1600000000
528,200003,3.8,1600000000
792,200003,4.0,1600000000
911,200003,4.6,1600000000
191,200004,3.7,1600000000
222,200004,3.7,1600000000
512,200004,4.6,1600000000
406,200004,3.6,1600000000
226,200004,4.6,1600000000
441,200004,3.9,1600000000
485,200004,4.6,1600000000
214,200004,4.6,1600000000
613,200004,4.2,1600000000
606,200004,3.9,1600000000
209,200004,3.7,1600000000
969,200004,4.8,1600000000
265,200004,3.8,1600000000
24,200004,3.7,1600000000
537,200004,3.5,1600000000
921,200004,4.8,1600000000
420,200004,4.5,1600000000
300,200004,4.6,1600000000
883,200004,4.4,1600000000
835,200004,4.0,1600000000
971,200004,3.9,1600000000
644,200004,4.9,1600000000
292,200004,4.1,1600000000
515,200004,4.2,1600000000
475,200004,4.3,1600000000
410,200004,5.0,1600000000
615,200005,4.4,1600000000
159,200005,4.8,1600000000
235,200005,4.3,1600000000
951,200005,4.8,1600000000
335,200005,3.7,1600000000
780,200005,4.1,1600000000
695,200005,3.5,1600000000
994,200005,4.1,1600000000
402,200005,3.8,1600000000
853,200005,3.8,1600000000
275,200005,4.0,1600000000
739,200005,4.5,1600000000
914,200005,4.9,1600000000
45,200005,3.8,1600000000
413,200005,3.9,1600000000
231,200005,4.0,1600000000
741,200005,4.4,1600000000
31,200005,4.6,1600000000
786,200005,5.0,1600000000
242,200005,4.6,1600000000
512,200005,4.2,1600000000
164,200005,4.2,1600000000
503,200005,4.6,1600000000
750,200005,3.7,1600000000
484,200005,3.6,1600000000
475,200005,3.8,1600000000
553,200005,3.9,1600000000
118,200005,5.0,1600000000
97,200005,3.7,1600000000
382,200005,3.8,1600000000
474,200005,4.0,1600000000
129,200005,4.6,1600000000
521,200005,4.8,1600000000
130,200005,4.5,1600000000
806,200005,4.0,1600000000
713,200005,4.9,1600000000
684,200005,4.2,1600000000
765,200005,4.3,1600000000
519,200005,4.5,1600000000
642,200005,3.8,1600000000
710,200005,4.8,1600000000
342,200005,4.5,1600000000
721,200005,4.2,1600000000
17,200005,3.8,1600000000
92,200005,3.6,1600000000
550,200005,3.7,1600000000
830,200005,4.7,1600000000
967,200005,4.3,1600000000
529,200005,5.0,1600000000
958,200005,4.1,1600000000
327,200005,4.4,1600000000
809,200005,4.4,1600000000
277,200005,4.6,1600000000
775,200005,4.9,1600000000
744,200005,3.9,1600000000
256,200005,3.7,1600000000
298,200005,4.7,1600000000
965,200005,4.9,1600000000
154,200005,4.7,1600000000
94,200005,4.8,1600000000
339,200005,4.9,1600000000
580,200005,4.4,1600000000
168,200005,4.2,1600000000
870,200005,4.2,1600000000
945,200005,4.5,1600000000
380,200005,4.5,1600000000
173,200005,3.8,1600000000
960,200005,4.6,1600000000
617,200005,4.9,1600000000
25,200005,3.8,1600000000
583,200005,4.5,1600000000
979,200005,4.0,1600000000
701,200005,4.4,1600000000
800,200005,3.9,1600000000
345,200005,4.6,1600000000
520,200005,4.2,1600000000
791,200005,4.8,1600000000
157,200005,3.6,1600000000
689,200005,3.5,1600000000
249,200005,4.0,1600000000
359,200005,3.8,1600000000
255,200005,4.8,1600000000
214,200005,4.5,1600000000
186,200005,4.0,1600000000
781,200005,4.3,1600000000
148,200005,4.7,1600000000
802,200005,3.6,1600000000
777,200005,4.4,1600000000
724,200005,4.0,1600000000
131,200005,3.8,1600000000
387,200005,4.3,1600000000
3,200005,4.3,1600000000
218,200005,4.4,1600000000
826,200005,4.5,1600000000
784,200005,4.9,1600000000
626,200005,4.4,1600000000
605,200005,4.6,1600000000
993,200006,4.1,1600000000
741,200006,4.6,1600000000
921,200006,3.5,1600000000
715,200006,4.4,1600000000
834,200006,3.7,1600000000
34,200006,4.7,1600000000
825,200006,3.9,1600000000
740,200006,4.6,1600000000
216,200006,4.3,1600000000
331,200006,4.8,1600000000
239,200006,4.9,1600000000
126,200006,3.8,1600000000
136,200006,4.9,1600000000
491,200006,4.6,1600000000
823,200006,4.4,1600000000
437,200006,3.9,1600000000
611,200006,3.9,1600000000
729,200006,3.9,1600000000
959,200006,4.0,1600000000
334,200006,3.7,1600000000
206,200006,3.9,1600000000
38,200006,5.0,1600000000
305,200006,4.3,1600000000
707,200006,3.6,1600000000
114,200006,4.4,1600000000
424,200006,4.6,1600000000
595,200006,4.3,1600000000
718,200006,4.4,1600000000
175,200006,4.1,1600000000
845,200006,3.6,1600000000
184,200006,4.0,1600000000
768,200006,4.3,1600000000
493,200006,3.7,1600000000
953,200006,3.8,1600000000
259,200007,3.7,1600000000
262,200007,4.1,1600000000
487,200007,4.3,1600000000
166,200007,4.3,1600000000
110,200007,4.6,1600000000
982,200007,4.4,1600000000
295,200007,3.7,1600000000
330,200007,4.2,1600000000
558,200007,3.8,1600000000
687,200007,4.9,1600000000
25,200007,4.1,1600000000
640,200007,4.9,1600000000
85,200007,3.6,1600000000
518,200007,4.6,1600000000
378,200007,4.6,1600000000
375,200007,4.6,1600000000
212,200007,4.2,1600000000
60,200007,4.0,1600000000
961,200007,4.0,1600000000
326,200007,4.5,1600000000
819,200007,4.6,1600000000
720,200007,4.6,1600000000
81,200007,3.7,1600000000
969,200007,4.4,1600000000
199,200007,4.0,1600000000
597,200007,3.7,1600000000
277,200007,4.6,1600000000
835,200007,4.3,1600000000
128,200007,4.3,1600000000
306,200007,3.9,1600000000
270,200007,3.5,1600000000
633,200007,3.9,1600000000
255,200007,4.1,1600000000
861,200007,4.0,1600000000
75,200007,3.6,1600000000
750,200007,4.8,1600000000
762,200007,3.9,1600000000
917,200007,4.5,1600000000
760,200007,4.7,1600000000
778,200007,4.3,1600000000
445,200007,4.0,1600000000
356,200007,4.9,1600000000
532,200007,3.9,1600000000
992,200007,4.1,1600000000
29,200007,4.5,1600000000
596,200007,4.2,1600000000
794,200007,4.9,1600000000
643,200007,4.3,1600000000
377,200007,3.8,1600000000
832,200007,4.5,1600000000
945,200007,3.9,1600000000
988,200007,3.9,1600000000
814,200007,4.2,1600000000
258,200008,4.2,1600000000
847,200008,4.8,1600000000
864,200008,4.1,1600000000
945,200008,4.2,1600000000
136,200008,4.8,1600000000
316,200008,3.8,1600000000
733,200008,5.0,1600000000
92,200008,3.6,1600000000
231,200008,4.5,1600000000
78,200008,3.7,1600000000
795,200008,4.6,1600000000
481,200008,4.4,1600000000
21,200008,3.6,1600000000
531,200008,3.7,1600000000
776,200008,4.8,1600000000
691,200008,3.6,1600000000
577,200008,4.8,1600000000
185,200008,4.5,1600000000
639,200008,4.0,1600000000
660,200008,3.6,1600000000
623,200008,3.7,1600000000
548,200008,3.9,1600000000
51,200008,4.0,1600000000
773,200008,3.8,1600000000
683,200008,3.6,1600000000
437,200008,3.7,1600000000
828,200008,3.9,1600000000
676,200008,4.9,1600000000
602,200008,4.3,1600000000
266,200008,4.6,1600000000
463,200008,4.3,1600000000
972,200008,3.9,1600000000
119,200008,4.9,1600000000
326,200008,4.6,1600000000
822,200008,4.3,1600000000
412,200008,4.0,1600000000
754,200008,3.8,1600000000
627,200008,4.5,1600000000
964,200008,4.5,1600000000
420,200008,4.8,1600000000
18,200008,4.4,1600000000
360,200008,4.8,1600000000
499,200008,4.8,1600000000
848,200008,4.3,1600000000
796,200008,3.8,1600000000
7,200008,4.2,1600000000
511,200008,5.0,1600000000
464,200008,4.2,1600000000
274,200008,4.7,1600000000
909,200008,4.0,1600000000
607,200008,4.3,1600000000
171,200008,4.2,1600000000
569,200008,4.5,1600000000
661,200008,5.0,1600000000
880,200008,5.0,1600000000
722,200008,4.2,1600000000
213,200008,4.4,1600000000
876,200008,4.8,1600000000
801,200008,4.1,1600000000
391,200008,4.8,1600000000
413,200008,3.9,1600000000
348,200008,3.9,1600000000
566,200008,4.8,1600000000
833,200008,4.8,1600000000
264,200008,4.6,1600000000
131,200008,3.5,1600000000
887,200008,4.8,1600000000
224,200008,4.3,1600000000
955,200008,5.0,1600000000
297,200008,4.6,1600000000
534,200008,4.3,1600000000
23,200008,3.9,1600000000
389,200009,4.1,1600000000
689,200009,3.8,1600000000
495,200009,3.7,1600000000
527,200009,3.8,1600000000
772,200009,4.1,1600000000
701,200009,3.8,1600000000
693,200009,3.7,1600000000
294,200009,4.4,1600000000
409,200009,4.6,1600000000
573,200009,4.6,1600000000
241,200009,4.1,1600000000
601,200009,3.8,1600000000
259,200009,4.3,1600000000
246,200009,4.0,1600000000
379,200009,4.0,1600000000
728,200009,3.8,1600000000
476,200009,3.9,1600000000
787,200009,4.0,1600000000
478,200009,4.5,1600000000
922,200009,4.2,1600000000
297,200009,3.9,1600000000
225,200009,4.9,1600000000
166,200009,4.3,1600000000
416,200009,3.6,1600000000
605,200009,4.8,1600000000
301,200009,4.1,1600000000
441,200009,3.8,1600000000
808,200009,4.8,1600000000
469,200009,4.4,1600000000
291,200009,4.4,1600000000
599,200009,4.2,1600000000
466,200009,3.9,1600000000
252,200009,4.8,1600000000
468,200009,4.4,1600000000
637,200009,4.1,1600000000
910,200009,4.9,1600000000
683,200009,4.2,1600000000
532,200009,4.8,1600000000
131,200009,3.8,1600000000
674,200009,4.8,1600000000
328,200009,3.6,1600000000
745,200009,3.7,1600000000
782,200009,3.9,1600000000
646,200009,4.3,1600000000
793,200009,3.8,1600000000
950,200009,3.9,1600000000
471,200009,4.5,1600000000
752,200009,3.7,1600000000
380,200009,4.5,1600000000
501,200009,3.7,1600000000
576,200009,4.9,1600000000
272,200009,3.7,1600000000
611,200009,3.9,1600000000
155,200009,4.2,1600000000
356,200009,4.1,1600000000
126,200009,4.7,1600000000
295,200009,4.0,1600000000
706,200009,5.0,1600000000
128,200009,4.5,1600000000
720,200009,4.1,1600000000
395,200009,3.8,1600000000
460,200009,4.0,1600000000
306,200009,4.3,1600000000
186,200009,4.3,1600000000
750,200009,5.0,1600000000
402,200009,4.3,1600000000
718,200009,4.2,1600000000
534,200009,4.0,1600000000
509,200009,4.5,1600000000
677,200009,4.5,1600000000
691,200009,4.5,1600000000
322,200009,4.0,1600000000
105,200009,3.8,1600000000
640,200009,4.4,1600000000
597,200009,4.2,1600000000
231,200009,4.1,1600000000
690,200009,4.1,1600000000
58,200009,4.2,1600000000
415,200009,4.9,1600000000
48,200010,4.8,1600000000
250,200010,4.5,1600000000
588,200010,3.6,1600000000
471,200010,4.4,1600000000
808,200010,4.6,1600000000
510,200010,5.0,1600000000
380,200010,4.8,1600000000
780,200010,4.1,1600000000
440,200010,4.2,1600000000
90,200010,4.9,1600000000
558,200010,3.6,1600000000
585,200010,3.6,1600000000
447,200010,3.7,1600000000
459,200010,4.0,1600000000
111,200010,3.6,1600000000
661,200010,3.5,1600000000
542,200010,3.8,1600000000
723,200010,3.6,1600000000
693,200010,4.4,1600000000
856,200010,4.1,1600000000
118,200011,3.7,1600000000
349,200011,4.4,1600000000
961,200011,4.2,1600000000
317,200011,4.0,1600000000
218,200011,3.7,1600000000
877,200011,4.4,1600000000
601,200011,4.9,1600000000
7,200011,4.0,1600000000
590,200011,3.7,1600000000
25,200011,4.9,1600000000
313,200011,3.6,1600000000
990,200011,4.2,1600000000
350,200011,4.4,1600000000
229,200011,3.6,1600000000
923,200011,4.0,1600000000
766,200011,4.6,1600000000
979,200011,4.0,1600000000
377,200011,3.8,1600000000
972,200011,3.6,1600000000
390,200011,4.3,1600000000
344,200011,3.6,1600000000
382,200011,4.4,1600000000
146,200011,4.0,1600000000
391,200011,3.7,1600000000
643,200011,4.0,1600000000
396,200011,4.3,1600000000
998,200011,4.1,1600000000
173,200011,4.5,1600000000
918,200011,3.8,1600000000
604,200011,4.0,1600000000
890,200011,4.1,1600000000
112,200011,4.6,1600000000
78,200011,4.6,1600000000
363,200011,4.1,1600000000
341,200011,5.0,1600000000
914,200011,4.9,1600000000
632,200011,3.7,1600000000
543,200011,4.5,1600000000
284,200011,4.9,1600000000
630,200011,4.1,1600000000
874,200011,4.1,1600000000
178,200011,3.8,1600000000
993,200011,4.7,1600000000
12,200011,3.7,1600000000
201,200011,3.7,1600000000
193,200011,3.9,1600000000
63,200011,3.5,1600000000
920,200011,3.9,1600000000
478,200011,3.8,1600000000
482,200011,4.6,1600000000
467,200011,5.0,1600000000
82,200011,4.1,1600000000
190,200011,3.9,1600000000
160,200011,4.8,1600000000
532,200011,4.5,1600000000
922,200011,4.6,1600000000
370,200011,4.3,1600000000
735,200011,4.0,1600000000
625,200011,4.7,1600000000
69,200011,4.9,1600000000
817,200011,3.8,1600000000
629,200011,4.0,1600000000
855,200011,4.7,1600000000
217,200011,4.6,1600000000
87,200011,4.2,1600000000
523,200011,4.3,1600000000
507,200011,3.5,1600000000
708,200011,3.6,1600000000
563,200011,4.1,1600000000
585,200011,3.9,1600000000
821,200011,4.9,1600000000
440,200011,4.0,1600000000
210,200012,3.9,1600000000
91,200012,4.5,1600000000
79,200012,4.5,1600000000
472,200012,4.0,1600000000
255,200012,3.8,1600000000
334,200012,3.9,1600000000
24,200012,4.1,1600000000
110,200012,4.0,1600000000
323,200012,4.5,1600000000
485,200012,3.9,1600000000
516,200012,3.8,1600000000
793,200012,4.4,1600000000
169,200012,3.9,1600000000
798,200012,4.9,1600000000
213,200012,3.7,1600000000
928,200012,3.7,1600000000
552,200012,4.0,1600000000
914,200012,4.7,1600000000
546,200012,4.9,1600000000
116,200012,4.8,1600000000
859,200012,4.5,1600000000
931,200012,4.3,1600000000
137,200012,4.3,1600000000
405,200012,4.6,1600000000
478,200012,3.7,1600000000
898,200012,4.6,1600000000
498,200012,4.4,1600000000
593,200012,5.0,1600000000
642,200012,3.9,1600000000
68,200012,4.6,1600000000
279,200012,3.5,1600000000
87,200012,5.0,1600000000
267,200012,4.2,1600000000
556,200012,3.7,1600000000
352,200012,3.8,1600000000
497,200012,4.1,1600000000
530,200012,4.0,1600000000
987,200012,3.7,1600000000
196,200012,4.2,1600000000
588,200012,4.9,1600000000
493,200012,4.4,1600000000
792,200012,4.1,1600000000
115,200012,4.7,1600000000
237,200012,4.9,1600000000
357,200012,4.0,1600000000
153,200012,4.9,1600000000
720,200012,4.5,1600000000
771,200012,4.6,1600000000
254,200012,3.6,1600000000
551,200012,4.7,1600000000
233,200012,3.9,1600000000
600,200012,4.0,1600000000
529,200012,4.5,1600000000
558,200012,4.5,1600000000
472,200013,4.6,1600000000
797,200013,4.0,1600000000
687,200013,4.8,1600000000
232,200013,4.2,1600000000
465,200013,3.9,1600000000
943,200013,4.5,1600000000
185,200013,4.2,1600000000
703,200013,3.9,1600000000
577,200013,3.7,1600000000
834,200013,3.8,1600000000
137,200013,4.1,1600000000
211,200013,3.6,1600000000
984,200013,3.7,1600000000
391,200013,3.9,1600000000
328,200013,4.9,1600000000
165,200013,4.2,1600000000
367,200013,4.9,1600000000
176,200013,4.7,1600000000
962,200013,4.5,1600000000
246,200013,4.9,1600000000
76,200013,4.5,1600000000
208,200013,4.1,1600000000
742,200013,4.9,1600000000
290,200013,4.8,1600000000
814,200013,4.9,1600000000
699,200013,4.0,1600000000
992,200013,4.5,1600000000
115,200013,4.0,1600000000
507,200013,4.7,1600000000
736,200013,3.9,1600000000
443,200013,4.4,1600000000
132,200013,4.5,1600000000
554,200013,4.5,1600000000
595,200013,4.4,1600000000
375,200013,4.2,1600000000
210,200013,4.6,1600000000
721,200013,4.1,1600000000
89,200013,4.8,1600000000
437,200013,3.8,1600000000
3,200013,4.9,1600000000
60,200013,3.7,1600000000
907,200013,3.6,1600000000
346,200013,4.9,1600000000
304,200013,4.3,1600000000
125,200013,4.0,1600000000
790,200013,4.8,1600000000
410,200013,3.8,1600000000
225,200013,4.7,1600000000
945,200013,4.2,1600000000
794,200013,3.7,1600000000
161,200013,4.4,1600000000
730,200013,3.7,1600000000
299,200013,4.7,1600000000
313,200013,3.7,1600000000
147,200013,4.9,1600000000
901,200013,4.1,1600000000
675,200013,3.5,1600000000
333,200013,4.8,1600000000
389,200014,4.0,1600000000
287,200014,3.8,1600000000
26,200014,4.8,1600000000
433,200014,3.9,1600000000
949,200014,4.8,1600000000
271,200014,4.1,1600000000
149,200014,3.7,1600000000
124,200014,4.8,1600000000
458,200014,3.8,1600000000
644,200014,4.5,1600000000
905,200014,4.0,1600000000
532,200014,3.8,1600000000
878,200014,3.7,1600000000
354,200014,4.6,1600000000
929,200014,4.1,1600000000
302,200014,4.7,1600000000
925,200014,3.8,1600000000
72,200014,4.6,1600000000
758,200014,5.0,1600000000
158,200014,4.3,1600000000
45,200014,4.1,1600000000
343,200014,3.6,1600000000
115,200014,3.9,1600000000
245,200014,4.5,1600000000
653,200014,3.7,1600000000
615,200014,4.7,1600000000
961,200014,4.7,1600000000
753,200014,4.3,1600000000
980,200014,4.7,1600000000
790,200014,4.7,1600000000
70,200014,4.1,1600000000
876,200014,4.7,1600000000
922,200014,4.1,1600000000
491,200014,4.6,1600000000
381,200014,4.5,1600000000
713,200014,3.6,1600000000
578,200014,4.4,1600000000
947,200014,3.6,1600000000
805,200014,4.5,1600000000
366,200014,4.7,1600000000
620,200014,4.1,1600000000
549,200014,4.5,1600000000
618,200014,4.3,1600000000
29,200014,3.7,1600000000
676,200014,3.7,1600000000
168,200014,4.9,1600000000
606,200014,3.7,1600000000
590,200014,4.4,1600000000
474,200014,4.7,1600000000
36,200014,4.0,1600000000
457,200014,4.6,1600000000
173,200014,4.2,1600000000
403,200014,4.3,1600000000
807,200014,3.9,1600000000
842,200014,4.1,1600000000
214,200014,3.8,1600000000
772,200014,4.3,1600000000
453,200014,4.5,1600000000
583,200014,4.6,1600000000
218,200014,4.2,1600000000
484,200014,5.0,1600000000
558,200014,4.6,1600000000
426,200014,4.3,1600000000
244,200014,3.8,1600000000
912,200014,3.9,1600000000
171,200014,3.5,1600000000
213,200014,4.4,1600000000
221,200014,4.7,1600000000
955,200014,4.8,1600000000
799,200015,3.7,1600000000
520,200015,4.2,1600000000
929,200015,5.0,1600000000
397,200015,4.1,1600000000
286,200015,4.2,1600000000
20,200015,3.8,1600000000
708,200015,4.3,1600000000
418,200015,3.9,1600000000
324,200015,3.6,1600000000
808,200015,4.5,1600000000
314,200015,3.9,1600000000
498,200015,4.9,1600000000
580,200015,4.5,1600000000
585,200015,5.0,1600000000
977,200015,3.7,1600000000
329,200015,4.9,1600000000
569,200015,4.2,1600000000
364,200015,3.7,1600000000
528,200015,4.3,1600000000
936,200015,3.7,1600000000
390,200015,3.8,1600000000
99,200015,3.6,1600000000
953,200015,4.4,1600000000
133,200015,4.7,1600000000
835,200015,4.4,1600000000
967,200015,4.4,1600000000
810,200015,3.9,1600000000
131,200015,4.0,1600000000
199,200015,4.9,1600000000
269,200015,4.7,1600000000
703,200015,3.8,1600000000
800,200015,3.6,1600000000
507,200015,4.6,1600000000
872,200015,3.8,1600000000
608,200015,4.9,1600000000
127,200015,3.7,1600000000
609,200015,4.0,1600000000
892,200015,4.1,1600000000
140,200015,4.4,1600000000
341,200015,4.9,1600000000
476,200015,4.7,1600000000
50,200015,3.8,1600000000
541,200015,3.6,1600000000
482,200015,4.2,1600000000
25,200015,4.0,1600000000
495,200015,3.8,1600000000
797,200015,4.3,1600000000
781,200015,3.8,1600000000
91,200015,4.4,1600000000
903,200015,4.5,1600000000
352,200015,4.9,1600000000
575,200015,4.0,1600000000
403,200015,4.7,1600000000
343,200015,4.7,1600000000
333,200015,4.3,1600000000
332,200015,4.3,1600000000
110,200015,4.0,1600000000
382,200015,3.7,1600000000
788,200015,4.3,1600000000
270,200015,4.6,1600000000
776,200015,4.0,1600000000
628,200015,4.9,1600000000
35,200015,3.7,1600000000
366,200015,3.8,1600000000
275,200015,3.9,1600000000
48,200015,5.0,1600000000
36,200015,4.1,1600000000
749,200015,3.9,1600000000
906,200015,3.7,1600000000
853,200015,3.8,1600000000
612,200015,4.6,1600000000
951,200015,3.5,1600000000
372,200015,4.6,1600000000
995,200015,4.5,1600000000
151,200016,3.9,1600000000
938,200016,3.8,1600000000
979,200016,4.9,1600000000
39,200016,3.8,1600000000
612,200016,4.7,1600000000
687,200016,4.1,1600000000
969,200016,4.2,1600000000
260,200016,4.4,1600000000
864,200016,4.7,1600000000
410,200016,4.5,1600000000
851,200016,4.2,1600000000
232,200016,4.7,1600000000
974,200016,4.4,1600000000
653,200016,3.6,1600000000
539,200016,3.9,1600000000
85,200016,3.5,1600000000
931,200016,3.6,1600000000
878,200016,3.9,1600000000
368,200016,4.9,1600000000
947,200016,4.7,1600000000
645,200016,3.5,1600000000
696,200016,4.8,1600000000
671,200016,4.8,1600000000
730,200016,4.0,1600000000
787,200016,4.4,1600000000
381,200016,4.6,1600000000
570,200016,4.8,1600000000
738,200016,4.1,1600000000
180,200016,4.2,1600000000
762,200016,4.8,1600000000
647,200016,4.5,1600000000
284,200016,4.8,1600000000
70,200016,3.6,1600000000
456,200016,4.2,1600000000
753,200016,4.6,1600000000
83,200016,4.4,1600000000
474,200016,4.3,1600000000
657,200016,4.8,1600000000
713,200016,4.0,1600000000
826,200016,4.7,1600000000
347,200016,3.7,1600000000
486,200016,3.8,1600000000
218,200016,4.3,1600000000
819,200016,4.1,1600000000
948,200016,4.2,1600000000
505,200016,4.9,1600000000
209,200016,4.7,1600000000
190,200016,3.7,1600000000
723,200016,4.2,1600000000
973,200016,4.0,1600000000
398,200016,3.6,1600000000
115,200016,4.9,1600000000
122,200016,3.7,1600000000
937,200016,4.4,1600000000
509,200016,4.8,1600000000
804,200016,5.0,1600000000
981,200016,3.7,1600000000
41,200016,4.2,1600000000
9,200016,4.8,1600000000
589,200016,3.5,1600000000
435,200016,3.6,1600000000
14,200016,4.2,1600000000
759,200016,4.1,1600000000
324,200016,4.8,1600000000
985,200016,4.0,1600000000
31,200016,4.1,1600000000
227,200016,5.0,1600000000
133,200017,4.1,1600000000
279,200017,4.3,1600000000
456,200017,3.8,1600000000
120,200017,4.2,1600000000
431,200017,3.7,1600000000
542,200017,4.5,1600000000
781,200017,4.9,1600000000
610,200017,3.8,1600000000
176,200017,4.5,1600000000
504,200017,3.8,1600000000
93,200017,4.8,1600000000
160,200017,3.7,1600000000
690,200017,4.8,1600000000
220,200017,4.2,1600000000
454,200017,3.9,1600000000
671,200017,4.8,1600000000
772,200017,4.9,1600000000
259,200017,4.5,1600000000
727,200017,4.8,1600000000
974,200017,4.0,1600000000
989,200017,4.2,1600000000
295,200017,4.0,1600000000
785,200017,4.2,1600000000
714,200017,5.0,1600000000
726,200017,4.0,1600000000
750,200017,4.8,1600000000
547,200017,4.1,1600000000
492,200017,4.7,1600000000
95,200017,4.7,1600000000
333,200017,4.2,1600000000
606,200017,4.9,1600000000
894,200017,3.6,1600000000
990,200017,4.3,1600000000
354,200017,4.4,1600000000
28,200017,3.6,1600000000
507,200017,3.7,1600000000
607,200017,4.9,1600000000
587,200017,4.5,1600000000
768,200017,4.2,1600000000
897,200017,5.0,1600000000
161,200017,4.6,1600000000
49,200017,4.1,1600000000
102,200017,4.0,1600000000
678,200017,4.0,1600000000
495,200017,4.6,1600000000
412,200017,4.7,1600000000
266,200017,4.1,1600000000
747,200017,4.9,1600000000
90,200017,4.5,1600000000
849,200017,4.9,1600000000
603,200017,4.8,1600000000
827,200017,5.0,1600000000
866,200017,4.2,1600000000
879,200017,3.7,1600000000
56,200017,4.9,1600000000
700,200017,4.7,1600000000
924,200017,4.8,1600000000
758,200017,4.0,1600000000
92,200017,4.7,1600000000
197,200017,4.2,1600000000
921,200017,4.2,1600000000
77,200017,4.4,1600000000
171,200017,4.6,1600000000
128,200018,4.2,1600000000
280,200018,4.0,1600000000
661,200018,3.7,1600000000
485,200018,4.1,1600000000
581,200018,3.9,1600000000
811,200018,4.3,1600000000
937,200018,4.3,1600000000
474,200018,4.7,1600000000
147,200018,4.1,1600000000
705,200018,4.7,1600000000
763,200018,4.0,1600000000
325,200018,4.5,1600000000
24,200018,3.9,1600000000
98,200018,4.1,1600000000
956,200018,4.3,1600000000
130,200018,3.9,1600000000
106,200018,4.3,1600000000
604,200018,3.5,1600000000
458,200018,4.4,1600000000
590,200018,4.4,1600000000
149,200018,4.3,1600000000
260,200018,4.1,1600000000
639,200018,4.1,1600000000
719,200018,4.5,1600000000
69,200018,3.6,1600000000
758,200018,4.5,1600000000
480,200018,5.0,1600000000
573,200018,4.0,1600000000
943,200018,4.0,1600000000
626,200018,4.4,1600000000
570,200018,4.7,1600000000
894,200018,4.1,1600000000
861,200018,5.0,1600000000
519,200018,4.3,1600000000
389,200018,4.5,1600000000
17,200018,3.6,1600000000
933,200018,4.2,1600000000
182,200018,3.9,1600000000
692,200018,4.4,1600000000
890,200018,4.2,1600000000
11,200018,4.1,1600000000
4,200018,4.2,1600000000
813,200018,4.2,1600000000
275,200018,4.4,1600000000
707,200018,4.4,1600000000
844,200018,4.1,1600000000
218,200018,4.1,1600000000
286,200018,4.2,1600000000
489,200018,3.7,1600000000
766,200018,4.9,1600000000
42,200018,4.9,1600000000
272,200018,4.7,1600000000
102,200018,3.5,1600000000
373,200018,3.9,1600000000
226,200018,4.6,1600000000
264,200018,4.0,1600000000
5,200018,3.9,1600000000
190,200018,3.9,1600000000
222,200018,4.7,1600000000
915,200018,3.5,1600000000
189,200018,4.2,1600000000
700,200018,5.0,1600000000
764,200018,3.5,1600000000
717,200018,4.6,1600000000
75,200018,4.5,1600000000
398,200018,4.8,1600000000
683,200018,4.1,1600000000
196,200018,4.6,1600000000
951,200018,4.6,1600000000
112,200018,3.7,1600000000
324,200018,4.2,1600000000
916,200018,4.6,1600000000
402,200018,5.0,1600000000
299,200018,3.7,1600000000
606,200018,3.8,1600000000
31,200018,4.1,1600000000
613,200018,4.9,1600000000
310,200018,4.0,1600000000
852,200018,4.1,1600000000
466,200018,4.6,1600000000
733,200018,3.6,1600000000
901,200018,4.5,1600000000
506,200018,4.8,1600000000
80,200018,4.0,1600000000
795,200018,3.6,1600000000
907,200018,4.5,1600000000
186,200018,4.1,1600000000
175,200018,5.0,1600000000
15,200018,3.5,1600000000
623,200018,4.8,1600000000
83,200018,3.8,1600000000
580,200018,3.7,1600000000
820,200018,3.9,1600000000
439,200018,3.6,1600000000
406,200018,3.6,1600000000
537,200018,4.1,1600000000
101,200018,4.6,1600000000
768,200018,3.7,1600000000
524,200019,4.6,1600000000
341,200019,4.7,1600000000
422,200019,4.6,1600000000
931,200019,4.7,1600000000
637,200019,4.1,1600000000
997,200019,4.0,1600000000
112,200019,4.8,1600000000
808,200019,4.4,1600000000
471,200019,4.2,1600000000
605,200019,4.7,1600000000
592,200019,3.6,1600000000
978,200019,3.7,1600000000
425,200019,4.4,1600000000
378,200019,4.6,1600000000
168,200019,5.0,1600000000
23,200019,3.9,1600000000
69,200019,4.8,1600000000
328,200019,4.0,1600000000
818,200019,3.6,1600000000
318,200019,4.1,1600000000
80,200019,4.1,1600000000
278,200019,3.5,1600000000
379,200019,3.8,1600000000
793,200019,4.1,1600000000
619,200019,3.7,1600000000
866,200019,4.1,1600000000
135,200019,3.6,1600000000
102,200019,4.3,1600000000
966,200019,4.8,1600000000
588,200019,4.7,1600000000
531,200019,4.6,1600000000
385,200019,4.3,1600000000
393,200019,3.8,1600000000
445,200019,4.5,1600000000
199,200019,4.8,1600000000
249,200019,3.9,1600000000
916,200019,4.4,1600000000
610,200019,4.2,1600000000
119,200019,4.8,1600000000
555,200019,4.3,1600000000
134,200019,4.6,1600000000
43,200019,4.4,1600000000
737,200019,3.9,1600000000
993,200019,3.9,1600000000
150,200019,4.8,1600000000
253,200019,4.2,1600000000
741,200019,4.0,1600000000
337,200019,4.8,1600000000
34,200019,4.6,1600000000
624,200019,4.7,1600000000
907,200019,4.7,1600000000
63,200019,3.9,1600000000
162,200019,3.9,1600000000
810,200019,3.8,1600000000
66,200019,4.6,1600000000
825,200019,4.4,1600000000
100,200019,3.8,1600000000
207,200019,4.4,1600000000
991,200019,4.6,1600000000
506,200019,4.3,1600000000
405,200019,3.6,1600000000
633,200019,4.8,1600000000
350,200019,5.0,1600000000
839,200019,4.8,1600000000
466,200019,4.1,1600000000
905,200019,4.3,1600000000
418,200019,4.6,1600000000
612,200019,3.9,1600000000
511,200019,4.3,1600000000
129,200019,3.6,1600000000
534,200019,4.5,1600000000
523,200019,4.5,1600000000
775,200019,3.9,1600000000
40,200019,4.4,1600000000
631,200019,4.2,1600000000
283,200019,4.0,1600000000
570,200019,3.8,1600000000
634,200019,4.4,1600000000
770,200019,5.0,1600000000
956,200019,4.8,1600000000
358,200019,4.7,1600000000
241,200019,4.8,1600000000
144,200019,4.4,1600000000
9,200019,4.1,1600000000
138,200019,4.2,1600000000
145,200019,3.5,1600000000
711,200019,3.7,1600000000
586,200019,4.1,1600000000
332,200019,4.6,1600000000
22,200019,4.8,1600000000
374,200019,4.0,1600000000
678,200019,4.7,1600000000
276,200019,4.8,1600000000
806,200019,4.3,1600000000
317,200019,4.4,1600000000
27,200019,4.7,1600000000
95,200019,4.7,1600000000
759,200020,3.8,1600000000
559,200020,4.0,1600000000
744,200020,4.7,1600000000
270,200020,3.5,1600000000
722,200020,5.0,1600000000
674,200020,3.5,1600000000
151,200020,4.1,1600000000
697,200020,4.3,1600000000
323,200020,4.8,1600000000
519,200020,4.8,1600000000
558,200020,3.7,1600000000
81,200020,3.8,1600000000
298,200020,4.4,1600000000
310,200020,4.6,1600000000
372,200020,4.1,1600000000
577,200020,4.2,1600000000
589,200020,4.8,1600000000
997,200020,3.9,1600000000
798,200020,5.0,1600000000
705,200020,4.1,1600000000
140,200020,5.0,1600000000
261,200020,4.0,1600000000
350,200020,4.3,1600000000
194,200020,4.0,1600000000
549,200020,3.5,1600000000
841,200020,4.0,1600000000
349,200020,4.4,1600000000
120,200020,4.4,1600000000
824,200020,4.4,1600000000
532,200020,4.1,1600000000
963,200020,4.1,1600000000
703,200020,3.8,1600000000
720,200020,4.9,1600000000
969,200020,4.5,1600000000
397,200020,3.7,1600000000
816,200021,4.5,1600000000
481,200021,3.6,1600000000
890,200021,4.8,1600000000
772,200021,3.9,1600000000
611,200021,4.8,1600000000
511,200021,4.0,1600000000
258,200021,4.4,1600000000
893,200021,4.6,1600000000
484,200021,4.4,1600000000
970,200021,4.6,1600000000
546,200021,3.8,1600000000
306,200021,3.6,1600000000
888,200021,4.3,1600000000
479,200021,4.6,1600000000
920,200021,4.3,1600000000
825,200021,4.2,1600000000
617,200021,4.6,1600000000
830,200021,4.6,1600000000
295,200021,3.8,1600000000
836,200021,4.9,1600000000
79,200021,4.2,1600000000
984,200021,3.8,1600000000
167,200021,3.9,1600000000
912,200021,3.6,1600000000
556,200021,4.4,1600000000
78,200021,4.9,1600000000
109,200021,4.5,1600000000
456,200022,4.0,1600000000
921,200022,4.7,1600000000
616,200022,4.9,1600000000
791,200022,3.8,1600000000
466,200022,4.6,1600000000
181,200022,4.6,1600000000
973,200022,4.5,1600000000
904,200022,4.9,1600000000
19,200022,4.3,1600000000
814,200022,4.9,1600000000
671,200022,4.9,1600000000
639,200022,3.7,1600000000
575,200022,4.5,1600000000
101,200022,4.2,1600000000
770,200022,4.3,1600000000
883,200022,4.4,1600000000
465,200022,3.6,1600000000
709,200022,4.3,1600000000
701,200022,4.1,1600000000
954,200022,4.9,1600000000
968,200022,3.8,1600000000
125,200022,4.1,1600000000
211,200022,3.9,1600000000
986,200022,3.6,1600000000
670,200022,4.1,1600000000
414,200022,4.9,1600000000
672,200022,4.3,1600000000
715,200022,4.5,1600000000
509,200022,4.1,1600000000
347,200022,3.6,1600000000
748,200022,4.6,1600000000
797,200022,4.7,1600000000
629,200022,3.7,1600000000
772,200022,5.0,1600000000
425,200022,4.7,1600000000
359,200022,3.6,1600000000
232,200022,4.5,1600000000
289,200022,3.8,1600000000
259,200022,3.8,1600000000
80,200022,4.1,1600000000
162,200022,4.7,1600000000
83,200022,3.7,1600000000
155,200022,3.8,1600000000
29,200022,3.6,1600000000
205,200022,4.7,1600000000
78,200022,4.1,1600000000
895,200022,4.8,1600000000
729,200022,5.0,1600000000
422,200022,4.0,1600000000
348,200022,4.3,1600000000
248,200022,3.7,1600000000
512,200022,3.7,1600000000
646,200022,4.9,1600000000
799,200022,4.0,1600000000
707,200022,4.3,1600000000
586,200022,4.5,1600000000
951,200022,3.9,1600000000
68,200022,3.9,1600000000
511,200022,4.5,1600000000
166,200022,4.5,1600000000
822,200022,3.7,1600000000
256,200022,4.6,1600000000
67,200022,3.7,1600000000
160,200022,4.5,1600000000
375,200022,4.0,1600000000
235,200022,3.7,1600000000
742,200022,4.6,1600000000
964,200022,5.0,1600000000
95,200022,4.2,1600000000
240,200022,4.4,1600000000
906,200022,4.9,1600000000
219,200022,4.3,1600000000
369,200022,3.8,1600000000
276,200022,3.6,1600000000
647,200022,4.9,1600000000
342,200022,4.4,1600000000
50,200022,3.8,1600000000
683,200022,4.1,1600000000
825,200022,4.8,1600000000
148,200022,4.7,1600000000
649,200022,4.7,1600000000
773,200022,3.9,1600000000
933,200022,4.6,1600000000
495,200022,4.7,1600000000
559,200022,4.1,1600000000
98,200022,3.8,1600000000
721,200022,4.7,1600000000
613,200022,4.0,1600000000
65,200022,4.5,1600000000
725,200022,4.7,1600000000
938,200022,3.9,1600000000
935,200022,4.5,1600000000
163,200022,3.7,1600000000
781,200022,4.6,1600000000
985,200022,3.5,1600000000
834,200022,4.2,1600000000
967,200023,4.9,1600000000
811,200023,4.1,1600000000
805,200023,4.4,1600000000
183,200023,4.9,1600000000
82,200023,4.4,1600000000
483,200023,3.9,1600000000
702,200023,4.8,1600000000
305,200023,3.9,1600000000
634,200023,4.3,1600000000
723,200023,4.4,1600000000
13,200023,3.7,1600000000
594,200023,4.7,1600000000
339,200023,4.4,1600000000
905,200023,3.6,1600000000
922,200023,4.2,1600000000
359,200023,3.9,1600000000
278,200023,4.1,1600000000
172,200023,4.0,1600000000
318,200023,4.5,1600000000
379,200023,4.8,1600000000
44,200023,4.1,1600000000
215,200023,4.9,1600000000
586,200023,4.9,1600000000
830,200023,4.5,1600000000
322,200023,4.2,1600000000
947,200023,4.2,1600000000
860,200023,4.6,1600000000
917,200023,4.1,1600000000
750,200023,4.9,1600000000
715,200023,3.9,1600000000
707,200023,3.7,1600000000
451,200023,4.3,1600000000
230,200023,4.3,1600000000
542,200023,4.3,1600000000
175,200023,4.2,1600000000
350,200023,3.5,1600000000
120,200023,4.2,1600000000
644,200023,4.7,1600000000
147,200023,3.6,1600000000
477,200023,4.8,1600000000
952,200023,3.8,1600000000
646,200023,4.6,1600000000
512,200023,4.0,1600000000
151,200023,4.3,1600000000
831,200023,4.5,1600000000
684,200023,4.7,1600000000
256,200023,4.1,1600000000
86,200023,4.3,1600000000
559,200023,4.5,1600000000
752,200023,3.7,1600000000
962,200023,3.8,1600000000
496,200023,4.3,1600000000
299,200023,3.7,1600000000
494,200023,4.6,1600000000
616,200023,4.2,1600000000
454,200023,3.7,1600000000
600,200023,4.1,1600000000
133,200023,4.2,1600000000
595,200023,4.2,1600000000
192,200023,4.4,1600000000
405,200023,4.9,1600000000
680,200023,3.8,1600000000
403,200023,4.1,1600000000
138,200023,4.3,1600000000
713,200023,4.6,1600000000
139,200023,4.1,1600000000
812,200023,4.5,1600000000
954,200023,3.8,1600000000
807,200023,3.8,1600000000
902,200023,4.2,1600000000
759,202000,4.8,1600000000
306,202000,4.9,1600000000
820,202000,4.2,1600000000
965,202000,4.7,1600000000
251,202000,4.5,1600000000
428,202000,4.6,1600000000
48,202000,4.3,1600000000
765,202000,5.0,1600000000
424,202000,4.4,1600000000
759,202001,4.9,1600000000
306,202001,4.8,1600000000
820,202001,4.6,1600000000
965,202001,4.9,1600000000
251,202001,4.7,1600000000
428,202001,4.8,1600000000
48,202001,4.5,1600000000
765,202001,5.0,1600000000
424,202001,4.6,1600000000