movieId,title,genres
200000,Kingdom of the Rising Legacy,Fantasy|Children
200001,Crimson Dimension,Adventure
200002,Shadow of the Silver Heart,Adventure
200003,Mountain of the Shattered Kingdom,Western|Crime
200004,Eternal Light,Musical|Animation|Sci-Fi
200005,Kingdom of the Forgotten Star,Romance|Drama
200006,Infinite Protocol,Western|Adventure|Comedy
200007,First Warrior,Horror
200008,Golden Heart,Action|Adventure
200009,The Crimson Protocol,Crime
200010,Crimson Storm,Film-Noir|Western|Thriller
200011,Frozen Destiny,Mystery|Animation
200012,Heart of the Golden Revenge,Sci-Fi
200013,Thunder of the Silver Kingdom,Action
200014,The Savage Memory,Animation|Musical
200015,Frozen Memory,Romance|Children
200016,The Crimson Justice,Action|Film-Noir|War
200017,Sky of the Legendary Dream,Musical
200018,Dimension of the Rising Dream,Mystery
200019,The Mystic Destiny,Action
200020,Shadow of the Final Titan,Children|Fantasy
200021,The Azure Code,Action
200022,The First Empire,Film-Noir|Drama
200023,Iron Guardian,Comedy|Animation
200024,Mystic Force,Animation|War
200025,The Infinite Kingdom,Crime|Thriller
200026,The Final Heart,Western|Animation
200027,The Brave Empire,Drama|Thriller|Romance
200028,Falling Mountain,Romance|Drama
200029,Sky of the Golden Sky,Drama|War|Thriller
200030,Code of the Falling Guardian,Film-Noir|Sci-Fi
200031,Force of the Frozen Mountain,Crime|Western
200032,The Legendary Ocean,Sci-Fi
200033,Forgotten Algorithm,Adventure|Drama|Western
200034,Secret Legacy,Crime|Mystery|Western
200035,Light of the Hidden Kingdom,Crime|Sci-Fi|Documentary
200036,Brave Star,Documentary|Drama|Comedy
200037,The Shattered Kingdom,Thriller|Adventure
200038,First Force,Film-Noir
200039,The Silver Titan,Sci-Fi
200040,Code of the Crimson Ocean,Animation
200041,Heart of the Brave Mountain,Romance
200042,Protocol of the Hidden Prophecy,Fantasy|Film-Noir
200043,Forgotten Mountain,Western|Adventure|Fantasy
200044,Titan of the Shattered Storm,Adventure|Horror|Crime
200045,Shattered Sky,Action
200046,Force of the Savage Heart,Action|Romance
200047,Illusion of the Azure Empire,Documentary
200048,Eternal Light,Children|Adventure
200049,Force of the Hidden Prophecy,Mystery|Adventure
200050,Falling Revenge,Action
200051,Ancient Shadow,Comedy|Mystery|Crime
200052,Shadow of the Brave Justice,Animation
200053,The Final Storm,Musical|War
200054,The Silent Soul,Musical|Drama|Crime
200055,Silent Code,Sci-Fi|Thriller|Musical
200056,Forgotten Shadow,Fantasy
200057,Golden Titan,Horror|Fantasy|Thriller
200058,Silent Mountain,Animation|Documentary
200059,The Hidden Sky,Comedy|Drama|Film-Noir
200060,Falling Forest,Documentary|Horror
200061,Kingdom of the Savage Code,Animation|Western
200062,The Secret Forest,Drama|Romance
200063,The Dark Warrior,Animation|Children
200064,Burning Algorithm,Children|Drama|Documentary
200065,Storm of the Savage Legacy,Musical|Film-Noir
200066,Ancient Illusion,Romance|Western
200067,Falling Kingdom,Horror|Musical|Thriller
200068,Iron Ocean,Fantasy|Western
200069,Revenge of the Silver Heart,Crime
200070,Legendary Star,Western|Mystery|Thriller
200071,The Savage Titan,Film-Noir|Action|Thriller
200072,The Rising Illusion,Drama|Animation|War
200073,Prophecy of the Frozen Titan,Fantasy
200074,The Golden Light,Musical
200075,Secret Legacy,Sci-Fi|Mystery|Children
200076,The Eternal Titan,Drama
200077,Mystic Dream,Western
200078,Forest of the Legendary Empire,Children
200079,Mountain of the Rising Force,Western|Adventure
200080,Force of the Brave Guardian,Action|Horror
200081,Ancient Destiny,Drama|Musical
200082,Code of the Brave Light,Children|Drama|Film-Noir
200083,Code of the Lost Ocean,Film-Noir|Thriller|Children
200084,Empire of the Silver Justice,Romance|Adventure|Action
200085,Warrior of the Brave Protocol,Thriller|Animation|Horror
200086,The Silent Thunder,Documentary|Crime
200087,Ocean of the Eternal Prophecy,Comedy
200088,Eternal Destiny,Film-Noir
200089,Frozen Revenge,Mystery|Sci-Fi
200090,Azure Destiny,Action
200091,The Eternal Soul,Mystery
200092,The Infinite Dimension,Musical|War|Crime
200093,The First Legacy,Horror|Adventure
200094,The First Mountain,Sci-Fi
200095,Heart of the First Forest,Musical
200096,The Dark Forest,Film-Noir
200097,First Revenge,Fantasy|War
200098,Destiny of the Golden Ocean,Action|Western
200099,The Brave Forest,Documentary|Action|Drama
200100,Dream of the Secret Light,Children|Documentary|Film-Noir
200101,The Rising Code,Comedy|Crime|Fantasy
200102,Titan of the Silver Sky,Mystery
200103,Dream of the Golden Light,Sci-Fi|Western|Thriller
200104,The Silver Warrior,War|Comedy|Thriller
200105,Burning Soul,Documentary|Crime|Musical
200106,The Broken Thunder,Musical|Romance|Documentary
200107,The Lost Illusion,Action|Animation
200108,The Burning Soul,Film-Noir|Mystery|Drama
200109,The Golden Prophecy,Romance
200110,Dimension of the Falling Justice,Film-Noir|Western
200111,The Crimson Forest,Film-Noir|Horror
200112,Justice of the Secret Star,Romance
200113,Kingdom of the Final Titan,Western|Fantasy
200114,The Eternal Thunder,Western|Crime
200115,Mystic Warrior,Drama
200116,The Broken Legacy,Comedy|Documentary
200117,Titan of the Awakened Empire,Sci-Fi|Crime
200118,Lost Protocol,Horror
200119,The Last Force,Horror
200120,Forgotten Memory,Documentary
200121,Soul of the Golden Titan,Comedy
200122,Algorithm of the Infinite Kingdom,Romance
200123,The Azure Star,Film-Noir|Fantasy
200124,The Savage Destiny,Musical
200125,The Final Legacy,Animation|Documentary
200126,Dream of the Eternal Protocol,Drama|Horror|Action
200127,Sky of the Secret Sky,Mystery
200128,Mystic Dimension,Romance
200129,Final Empire,Horror
200130,The Savage Kingdom,Fantasy|Comedy|Crime
200131,Heart of the Legendary Memory,Comedy
200132,Empire of the Golden Revenge,Adventure
200133,Shattered Revenge,Adventure|Western|War
200134,Memory of the Savage Justice,Comedy|Musical|Documentary
200135,Hidden Soul,Children|Romance|Action
200136,Shattered Revenge,Musical
200137,Golden Soul,Mystery|Documentary|Romance
200138,Shattered Dream,Adventure|Thriller|Comedy
200139,Thunder of the Shattered Thunder,Comedy|Documentary
200140,The Azure Protocol,Horror|Musical|Thriller
200141,Golden Protocol,Thriller
200142,Lost Destiny,Action|Documentary|Thriller
200143,Force of the Lost Heart,Adventure|Animation|Drama
200144,Shattered Code,Action
200145,The Lost Algorithm,Mystery
200146,Legendary Forest,Romance|Sci-Fi
200147,The Forgotten Soul,Western|Romance
200148,The Golden Mountain,Children|Musical
200149,The Silver Kingdom,Film-Noir|Musical|Sci-Fi
200150,Guardian of the Last Storm,Comedy|Musical|Film-Noir
200151,The Brave Soul,Sci-Fi|Children
200152,The Lost Destiny,Animation
200153,Rising Light,Musical|Romance|Crime
200154,The Savage Code,Musical
200155,The Frozen Code,Romance
200156,Titan of the Secret Kingdom,Fantasy
200157,The Last Protocol,Sci-Fi|Musical|War
200158,The Final Star,Film-Noir|Drama|Thriller
200159,Savage Sky,Children|Drama
200160,The Dark Ocean,Thriller
200161,Golden Storm,Adventure
200162,Falling Storm,Mystery
200163,The Rising Soul,Animation|Thriller
200164,The Eternal Algorithm,Mystery|Drama
200165,Falling Sky,Horror|Adventure
200166,Dark Illusion,Action|Drama|Film-Noir
200167,Illusion of the Brave Warrior,Crime|Documentary
200168,Warrior of the Broken Thunder,Mystery
200169,The Secret Guardian,Musical|Animation|Romance
200170,The Silver Prophecy,Sci-Fi|Comedy|Children
200171,Kingdom of the Crimson Empire,Film-Noir|Action|Mystery
200172,Broken Dimension,Mystery
200173,The Silver Heart,Thriller|Horror|War
200174,Rising Dimension,Film-Noir|Animation
200175,First Guardian,Thriller|War|Romance
200176,Ocean of the Silent Revenge,Children|Film-Noir|Documentary
200177,Final Kingdom,War|Action
200178,The Silent Illusion,Fantasy
200179,The Rising Revenge,Animation|Sci-Fi|War
200180,Light of the Azure Memory,War|Sci-Fi
200181,The Shattered Dimension,Drama
200182,Dark Forest,Horror
200183,Warrior of the First Code,Mystery
200184,Shattered Dream,Animation|Fantasy
200185,Azure Prophecy,Action
200186,The Hidden Kingdom,Adventure
200187,Star of the Iron Forest,Film-Noir|Action|Sci-Fi
200188,Silent Forest,Mystery|Children
200189,The Iron Sky,Fantasy|Comedy
200190,The Final Prophecy,Fantasy|War
200191,Forest of the Awakened Dimension,Thriller|Western
200192,The Ancient Algorithm,Documentary
200193,The Final Kingdom,Romance
200194,The First Kingdom,War|Sci-Fi
200195,The Awakened Light,Romance
200196,Hidden Prophecy,Mystery|Adventure|Action
200197,The Crimson Storm,Animation|Documentary|Sci-Fi
200198,First Protocol,Horror
200199,Thunder of the Silent Guardian,Drama|Crime
200200,Last Titan,Drama|Fantasy|Comedy
200201,Falling Dimension,Crime|Sci-Fi
200202,Sky of the Silent Protocol,Western|Mystery|Thriller
200203,The Dark Storm,Thriller
200204,The Ancient Memory,Thriller|Film-Noir
200205,Code of the Lost Protocol,Mystery
200206,Rising Protocol,Thriller|Animation
200207,Star of the Silent Storm,Sci-Fi|Mystery|Animation
200208,Dream of the Awakened Memory,Fantasy
200209,The Lost Prophecy,Mystery|Comedy|Adventure
200210,Heart of the Eternal Empire,War
200211,Silver Protocol,Action|Drama|Children
200212,Titan of the Frozen Justice,Mystery|Comedy
200213,Lost Kingdom,Documentary|Western
200214,The Forgotten Light,Western|Mystery
200215,Awakened Forest,Sci-Fi
200216,Dream of the Final Legacy,Adventure|Mystery|War
200217,Crimson Protocol,Children
200218,The Mystic Force,Comedy|Horror
200219,Rising Star,Romance
200220,Dimension of the Burning Thunder,Drama|Comedy|Action
200221,Mystic Soul,Drama|Musical|Documentary
200222,The Crimson Code,Western|Crime|Documentary
200223,Dream of the Awakened Ocean,Children
200224,Shattered Dream,Horror|Fantasy
200225,Legacy of the Mystic Titan,Action|Western|Documentary
200226,Storm of the Last Sky,Drama|Thriller|War
200227,Legacy of the Silver Illusion,Musical|Romance|Film-Noir
200228,The Eternal Storm,Film-Noir|Crime|Action
200229,Legendary Sky,Animation|Sci-Fi
200230,The Crimson Force,Romance|Children
200231,The Forgotten Heart,Romance
200232,Force of the Golden Dream,Horror
200233,The Ancient Empire,Crime|Children
200234,The Frozen Ocean,Western|Sci-Fi|Mystery
200235,Sky of the Final Forest,Children
200236,The Azure Legacy,Action|Horror|Drama
200237,The Dark Forest,Crime
200238,The Brave Thunder,Mystery
200239,Empire of the Savage Thunder,Action|Thriller
200240,The Shattered Force,Western
200241,Empire of the Secret Star,Thriller
200242,Burning Soul,Animation
200243,The Legendary Titan,Sci-Fi|Children|Action
200244,The Awakened Dimension,War|Film-Noir|Fantasy
200245,Prophecy of the Ancient Force,Children|Fantasy
200246,Silent Code,Sci-Fi|Horror
200247,Lost Titan,Action
200248,First Destiny,Crime
200249,The Azure Storm,Children|Western
200250,Frozen Titan,Documentary
200251,The Lost Empire,Action|Drama
200252,The Golden Protocol,Comedy
200253,Brave Prophecy,Romance|Sci-Fi
200254,Legacy of the Dark Star,Adventure|Horror
200255,The Secret Storm,Drama|Children|Animation
200256,The Mystic Light,Crime
200257,Golden Thunder,Western|Musical|Animation
200258,The Shattered Algorithm,Fantasy|Adventure|Mystery
200259,Azure Algorithm,Adventure
200260,The Falling Empire,Romance|Comedy
200261,Protocol of the Ancient Guardian,Fantasy|Thriller
200262,Savage Justice,Horror
200263,The Awakened Illusion,Western|War|Sci-Fi
200264,Infinite Guardian,Animation|Western
200265,The Secret Sky,Romance
200266,The Frozen Soul,Musical
200267,Brave Forest,Drama|Film-Noir
200268,Algorithm of the Secret Light,Adventure
200269,Awakened Ocean,Drama
200270,Prophecy of the Forgotten Empire,Film-Noir
200271,Justice of the Silver Titan,Drama
200272,Empire of the Broken Illusion,Romance|Action
200273,Light of the Lost Illusion,Film-Noir
200274,The Eternal Destiny,Animation
200275,The Secret Light,Documentary
200276,Protocol of the Savage Legacy,Musical
200277,The Ancient Algorithm,Romance|Children|Horror
200278,The Dark Memory,Action
200279,Revenge of the Mystic Legacy,Western|Adventure|Musical
200280,Burning Destiny,Animation|Film-Noir
200281,Destiny of the Forgotten Destiny,Romance
200282,The Broken Dimension,Romance|Documentary|Film-Noir
200283,The Secret Empire,Sci-Fi|Fantasy
200284,Forgotten Guardian,Film-Noir
200285,Dark Thunder,Drama
200286,Silver Mountain,Fantasy|Horror|Romance
200287,Golden Revenge,Crime|Children|Comedy
200288,The Shattered Warrior,Documentary
200289,The Burning Revenge,Horror|Animation|Thriller
200290,The Mystic Code,Crime
200291,Legendary Force,War|Musical
200292,The Forgotten Warrior,Action|Romance
200293,Protocol of the Final Kingdom,Documentary
200294,Eternal Prophecy,Romance|Mystery
200295,The First Dimension,Crime
200296,Crimson Sky,Adventure|Western
200297,The Brave Light,Crime|Sci-Fi|Action
200298,Code of the Golden Empire,War
200299,The Burning Mountain,Western
200300,The Shattered Prophecy,Musical|Thriller
200301,Empire of the Infinite Protocol,Sci-Fi|Western|Animation
200302,The Dark Dream,Action|Film-Noir
200303,Silver Mountain,Adventure|Western
200304,Force of the Rising Kingdom,Romance|Sci-Fi
200305,Mystic Memory,Children|Crime|Horror
200306,Mystic Empire,Action
200307,Dark Star,Animation|Comedy|Drama
200308,The First Protocol,Sci-Fi
200309,Guardian of the Brave Illusion,War|Thriller|Romance
200310,Ocean of the Ancient Guardian,Horror|Romance
200311,The Lost Code,Film-Noir|Sci-Fi|Musical
200312,Titan of the Shattered Sky,Action|Thriller|Fantasy
200313,Titan of the Broken Titan,Western|Drama|Sci-Fi
200314,Golden Guardian,Fantasy|War|Musical
200315,Dimension of the Silent Illusion,Comedy|Film-Noir
200316,The Legendary Mountain,Action
200317,The Silent Titan,Animation
200318,Sky of the Falling Soul,Animation|Drama
200319,The Rising Illusion,Animation|Romance
200320,The Secret Protocol,Fantasy|Thriller|Musical
200321,Brave Force,Action
200322,Hidden Mountain,Comedy|Sci-Fi
200323,The Awakened Revenge,Crime
200324,Falling Guardian,Fantasy|Romance
200325,Secret Titan,War
200326,Infinite Thunder,Mystery|Children|Thriller
200327,Final Prophecy,War|Adventure|Documentary
200328,Last Guardian,Sci-Fi|Adventure
200329,Savage Justice,Film-Noir|Adventure
200330,Crimson Legacy,Comedy|Adventure
200331,Kingdom of the Falling Kingdom,Fantasy|Musical|Horror
200332,Storm of the First Light,Romance|Drama
200333,Falling Revenge,Children
200334,Revenge of the Rising Legacy,Romance
200335,Illusion of the Golden Dream,Comedy|Musical|Documentary
200336,Dream of the Azure Empire,Mystery|Drama
200337,The Awakened Algorithm,Crime|Action
200338,Soul of the First Code,Horror
200339,The Secret Forest,Romance|War|Film-Noir
200340,The Dark Justice,Horror|Mystery|Drama
200341,The Crimson Forest,Romance
200342,Star of the Hidden Memory,Film-Noir|Crime
200343,The Broken Dimension,Action|Mystery
200344,The Secret Soul,Mystery|Adventure|Horror
200345,Mystic Guardian,Children|Drama
200346,The Last Heart,Documentary|Thriller|Adventure
200347,The Final Ocean,Film-Noir|Children|Mystery
200348,Awakened Legacy,Documentary
200349,The Silver Light,Action|Film-Noir|Musical
200350,Code of the Ancient Protocol,Mystery
200351,Titan of the Frozen Titan,Drama
200352,The Rising Guardian,Adventure
200353,Light of the Mystic Code,Crime
200354,The Mystic Destiny,Western|Adventure|War
200355,Silver Light,Thriller|Comedy
200356,The Brave Empire,Mystery|Comedy|Romance
200357,Savage Revenge,Romance|Sci-Fi|Western
200358,Hidden Dream,Adventure
200359,The Savage Destiny,Horror
200360,Secret Memory,Western|War|Romance
200361,Brave Warrior,War
200362,The Savage Titan,Documentary
200363,The Final Storm,Adventure|Film-Noir|Sci-Fi
200364,Last Soul,Thriller|Crime|Film-Noir
200365,Warrior of the Iron Protocol,Fantasy|Western
200366,Destiny of the Final Heart,Mystery
200367,Empire of the Ancient Ocean,Sci-Fi|Action|Romance
200368,The Azure Storm,Animation|Romance
200369,The Azure Shadow,Thriller
200370,Dream of the Hidden Light,Romance
200371,The Legendary Illusion,Fantasy|Adventure
200372,The Infinite Star,Drama|War|Children
200373,The Azure Sky,Musical|Thriller
200374,Dimension of the Forgotten Storm,Musical
200375,Force of the Forgotten Forest,Crime|Children
200376,Star of the Infinite Revenge,War
200377,Force of the Awakened Light,Action|War|Western
200378,Justice of the Crimson Dimension,War
200379,Last Protocol,Musical|Comedy|Mystery
200380,Forest of the Secret Legacy,Horror|Documentary|War
200381,The Rising Destiny,Action|Drama
200382,Soul of the Ancient Storm,Animation
200383,The First Light,Sci-Fi|Musical|Documentary
200384,Iron Mountain,Comedy|Action|Adventure
200385,The Legendary Thunder,Animation|Crime
200386,Empire of the Last Legacy,Fantasy|Action
200387,Awakened Prophecy,Mystery|Animation|Thriller
200388,Mystic Ocean,Sci-Fi|Musical
200389,The Broken Illusion,War|Drama|Mystery
200390,Force of the First Soul,Comedy|War|Sci-Fi
200391,The Hidden Heart,Horror
200392,Silver Storm,Sci-Fi
200393,Justice of the Rising Shadow,Drama
200394,Last Sky,Crime|Horror
200395,Broken Sky,Drama|Western
200396,Last Thunder,Documentary
200397,Falling Star,Drama|Horror|Musical
200398,The Silver Thunder,Romance
200399,Prophecy of the Burning Kingdom,Crime
200400,The Forgotten Dream,Children|Mystery
200401,Heart of the Lost Storm,Musical|Romance|Mystery
200402,Dream of the Mystic Forest,Crime
200403,The Rising Revenge,Children|Documentary|Comedy
200404,Kingdom of the Ancient Revenge,Drama|Film-Noir|Fantasy
200405,First Ocean,Mystery|Thriller|Horror
200406,The Shattered Thunder,Sci-Fi|War|Documentary
200407,Falling Illusion,Western|Mystery
200408,The Burning Soul,Film-Noir
200409,Forgotten Legacy,Animation
200410,The Shattered Algorithm,Fantasy|Action
200411,The Shattered Titan,Children
200412,The Secret Legacy,Western|Crime|Fantasy
200413,The Awakened Justice,Animation|Thriller|Mystery
200414,The Eternal Shadow,Documentary|Horror
200415,The First Guardian,Children
200416,The Legendary Code,Mystery
200417,The Lost Dream,Musical|Horror|Western
200418,Kingdom of the Eternal Ocean,Romance|Animation
200419,The Falling Thunder,War
200420,The Legendary Warrior,Horror|Film-Noir
200421,Azure Soul,Fantasy
200422,Infinite Soul,Drama|War
200423,Ancient Code,Mystery|Romance|Western
200424,Final Prophecy,Film-Noir|Crime|Children
200425,Soul of the Silent Dimension,Children
200426,The Silent Justice,Drama|Comedy|Fantasy
200427,Destiny of the Iron Destiny,Mystery|Fantasy|Thriller
200428,Brave Soul,Horror|Children
200429,The Lost Empire,Drama|Animation
200430,The Crimson Forest,Drama
200431,Awakened Empire,Fantasy|Film-Noir|Animation
200432,Crimson Guardian,Animation|Film-Noir
200433,Warrior of the Final Protocol,Documentary
200434,Iron Titan,Documentary|Western
200435,Burning Illusion,Fantasy|Crime|Animation
200436,The Awakened Dream,Sci-Fi|Adventure|War
200437,Frozen Sky,Sci-Fi|Thriller|Mystery
200438,Forest of the Infinite Storm,Action
200439,Illusion of the First Titan,Fantasy|Romance
200440,Shattered Illusion,Action|Comedy
200441,Storm of the Silver Soul,Film-Noir|Fantasy
200442,Empire of the Legendary Dream,Crime
200443,Forest of the Infinite Star,Action|Adventure
200444,The Shattered Empire,Animation
200445,Legacy of the Hidden Heart,Fantasy|Thriller|Mystery
200446,Dimension of the Lost Forest,Film-Noir
200447,Lost Kingdom,Children|Drama
200448,Silver Shadow,Adventure|Romance|Film-Noir
200449,Final Forest,War
200450,The Silent Force,Horror|Action
200451,Savage Titan,Adventure|Action|Mystery
200452,The Shattered Memory,War
200453,The Silent Memory,Horror
200454,Forgotten Empire,Horror
200455,Thunder of the Azure Algorithm,Documentary|Thriller|Mystery
200456,Infinite Protocol,Thriller|Action
200457,Dimension of the Infinite Sky,Musical
200458,Guardian of the Savage Dimension,Musical|Documentary
200459,Justice of the Lost Light,Horror
200460,The Mystic Sky,Comedy|Action
200461,Revenge of the Forgotten Legacy,Fantasy|Musical|Comedy
200462,The Dark Legacy,Crime
200463,Hidden Memory,Romance|Comedy
200464,Protocol of the Ancient Justice,Drama|Thriller
200465,Dark Guardian,Drama|Film-Noir
200466,Eternal Justice,Musical|Romance
200467,Iron Algorithm,Musical|Horror|Fantasy
200468,Lost Star,Sci-Fi|Adventure|Film-Noir
200469,Empire of the Burning Force,Sci-Fi|Film-Noir|Comedy
200470,Dream of the Crimson Illusion,Adventure|Thriller
200471,Shattered Code,War|Animation|Crime
200472,Brave Code,Children|Mystery|Adventure
200473,Silent Light,Animation|Drama|Musical
200474,Revenge of the Hidden Force,Documentary|Western
200475,The Burning Legacy,Drama
200476,Empire of the Legendary Guardian,Horror
200477,The Lost Memory,Horror|Adventure|Western
200478,The Falling Legacy,Western
200479,The Falling Mountain,Mystery|Musical|Adventure
200480,The Silver Soul,Comedy|Romance
200481,Memory of the Infinite Kingdom,Horror
200482,Revenge of the Burning Empire,Children|Drama|Film-Noir
200483,The Falling Sky,Animation
200484,First Revenge,Mystery|Adventure
200485,The Azure Illusion,War
200486,The Silent Justice,Adventure|Fantasy|Film-Noir
200487,Lost Titan,Mystery|Horror|Documentary
200488,Algorithm of the Burning Memory,Sci-Fi|Crime
200489,The Awakened Soul,Drama
200490,Savage Kingdom,Horror|Action
200491,The Burning Kingdom,Fantasy|Western|Thriller
200492,The Dark Guardian,War|Action
200493,The Crimson Kingdom,Horror|Comedy|Western
200494,Awakened Heart,Children
200495,Brave Protocol,Animation|Western
200496,The Eternal Illusion,Animation
200497,Sky of the Crimson Protocol,Western|Mystery
200498,Revenge of the Shattered Titan,War
200499,The Legendary Force,Horror
200500,Illusion of the Silver Mountain,Western
200501,Ancient Dream,Documentary|Thriller|Western
200502,The Secret Sky,Crime|Romance
200503,Prophecy of the Dark Force,Drama
200504,Infinite Light,Musical|Action
200505,The Infinite Empire,Musical|Comedy|Sci-Fi
200506,The Frozen Guardian,Thriller|Documentary
200507,Titan of the Final Protocol,Romance|Documentary|Drama
200508,The Silver Heart,Adventure|Romance
200509,Forest of the Burning Memory,Children
200510,Dream of the Eternal Ocean,Animation|Crime|Romance
200511,Light of the Savage Empire,Comedy
200512,The First Kingdom,Musical
200513,The Crimson Revenge,Adventure|Western|Fantasy
200514,Dimension of the Ancient Sky,Documentary
200515,Soul of the Forgotten Kingdom,Comedy|Musical|Horror
200516,The Burning Thunder,Romance|Action
200517,Storm of the Ancient Storm,Sci-Fi
200518,The Forgotten Protocol,Animation
200519,Heart of the Crimson Guardian,Horror|Sci-Fi
200520,Algorithm of the Last Kingdom,Western
200521,The Legendary Thunder,Western
200522,Last Force,Thriller|Fantasy|Action
200523,Thunder of the Ancient Thunder,Drama
200524,Ocean of the Brave Justice,Children|Fantasy
200525,Forest of the Broken Kingdom,Comedy|Romance|War
200526,The Infinite Empire,Film-Noir|Action|Western
200527,Crimson Kingdom,Fantasy|Thriller
200528,Secret Legacy,Horror
200529,Star of the Eternal Storm,Horror|Sci-Fi
200530,The Infinite Legacy,Documentary|Adventure|Children
200531,Revenge of the Last Thunder,Film-Noir
200532,Mountain of the Dark Soul,Mystery
200533,Star of the Lost Warrior,Musical|Horror|Action
200534,The Savage Mountain,Drama
200535,The Eternal Star,Fantasy
200536,The Final Dream,Comedy
200537,The First Heart,Romance|Sci-Fi
200538,The Silver Forest,Crime|Film-Noir|Mystery
200539,The Rising Guardian,Comedy
200540,Mystic Dimension,Drama|Crime
200541,Frozen Sky,Thriller|Action|Drama
200542,The Crimson Illusion,Film-Noir|Sci-Fi
200543,Dimension of the Broken Star,Mystery|Thriller
200544,Hidden Mountain,Crime
200545,Legacy of the Burning Revenge,Musical
200546,The Savage Force,Comedy|Drama
200547,The Silent Soul,Musical
200548,The Iron Force,Animation|Children|Crime
200549,Azure Justice,Fantasy
200550,Thunder of the Silver Prophecy,Sci-Fi
200551,Light of the Secret Sky,Animation|Adventure
200552,The Awakened Prophecy,Romance|Fantasy
200553,Warrior of the Golden Heart,Drama|Thriller|Action
200554,The Broken Storm,Sci-Fi|Musical
200555,Frozen Kingdom,Drama|Film-Noir|Romance
200556,Force of the Rising Destiny,Animation
200557,Last Ocean,Thriller|Comedy|Western
200558,Destiny of the Infinite Soul,Western|Romance|Animation
200559,The Savage Dimension,Mystery|Action
200560,Dark Protocol,Drama|Documentary|Adventure
200561,Guardian of the Iron Mountain,War
200562,Brave Memory,Thriller|Drama|Children
200563,Soul of the Forgotten Sky,Action|Thriller
200564,The Brave Guardian,Horror|Mystery|Crime
200565,Guardian of the Awakened Guardian,Comedy|Adventure|Sci-Fi
200566,Iron Warrior,Action|War
200567,The Secret Force,Action|Documentary|Horror
200568,Forest of the Mystic Sky,Sci-Fi|Children|Musical
200569,Hidden Soul,Horror|Western|Musical
200570,The Crimson Protocol,Children
200571,The Crimson Kingdom,Action|Horror|Children
200572,Prophecy of the Golden Titan,Fantasy|Musical
200573,The Legendary Justice,Children|Horror
200574,The Ancient Soul,Drama|Sci-Fi|Mystery
200575,Awakened Sky,Comedy|Musical
200576,The Ancient Forest,Crime|Film-Noir|Musical
200577,The Savage Dimension,Fantasy
200578,The Crimson Warrior,Documentary|Drama|Fantasy
200579,Last Forest,Documentary
200580,Empire of the Dark Star,Film-Noir
200581,The Awakened Prophecy,Film-Noir|Sci-Fi|Crime
200582,The Last Light,Drama|Mystery|Documentary
200583,The Infinite Soul,Film-Noir
200584,Storm of the Legendary Revenge,Documentary
200585,The Savage Revenge,Comedy|Adventure|Crime
200586,Kingdom of the Falling Algorithm,Drama
200587,Empire of the Silver Warrior,Western|Comedy|Musical
200588,The Silent Dream,Children|Mystery|Musical
200589,The Azure Protocol,Animation
200590,Destiny of the Last Dimension,Comedy
200591,The Rising Destiny,Fantasy
200592,Code of the Frozen Memory,Romance|Comedy
200593,Revenge of the Forgotten Code,Horror
200594,Revenge of the Lost Kingdom,Film-Noir|Comedy|Thriller
200595,Forgotten Justice,Thriller
200596,The Silent Warrior,Crime|Thriller|Comedy
200597,Lost Mountain,Thriller
200598,Forest of the First Warrior,Crime|Comedy
200599,Kingdom of the Lost Titan,Thriller|Adventure
200600,Hidden Memory,Mystery
200601,Force of the Dark Thunder,Western
200602,First Heart,Film-Noir|Horror
200603,Frozen Kingdom,Documentary
200604,Eternal Titan,Documentary
200605,The Brave Shadow,Thriller|Horror|Documentary
200606,Ancient Dream,Mystery|Animation|Film-Noir
200607,The Forgotten Warrior,Action
200608,Ancient Storm,Action
200609,The Broken Empire,Adventure|Action|Drama
200610,The Mystic Thunder,Comedy|Documentary
200611,Eternal Protocol,Horror|Thriller
200612,Empire of the Ancient Revenge,Thriller
200613,Forgotten Thunder,Horror|Animation
200614,Memory of the Burning Prophecy,Adventure|Crime
200615,Warrior of the Mystic Force,Western|Drama
200616,The Rising Storm,War
200617,Empire of the Eternal Empire,Romance|Adventure
200618,Hidden Destiny,Drama|Mystery|Romance
200619,The Iron Revenge,Film-Noir|Animation|Romance
200620,Dark Code,Animation
200621,The Final Prophecy,Crime
200622,Empire of the Azure Storm,Action|Comedy
200623,Dimension of the Burning Ocean,Documentary|Musical|War
200624,Forest of the Broken Revenge,Fantasy|Musical
200625,Soul of the Dark Prophecy,Fantasy
200626,Light of the Ancient Storm,Romance
200627,Iron Shadow,Musical|Mystery|Horror
200628,The Golden Kingdom,Mystery|Horror|Romance
200629,Frozen Mountain,Horror
200630,The Eternal Warrior,Horror
200631,Infinite Prophecy,Film-Noir|Western
200632,The Golden Warrior,Adventure|Sci-Fi
200633,Azure Storm,Sci-Fi
200634,Lost Algorithm,Sci-Fi|Thriller
200635,Golden Forest,Documentary
200636,Secret Destiny,Children
200637,First Heart,Film-Noir|Adventure
200638,The Legendary Light,Musical|Film-Noir
200639,The Crimson Shadow,Fantasy|Animation
200640,The Broken Ocean,Adventure|War|Horror
200641,The Eternal Dream,Film-Noir|Children|Musical
200642,Savage Memory,Sci-Fi|Thriller|Western
200643,Forgotten Shadow,Drama
200644,The First Forest,Sci-Fi|War|Musical
200645,Algorithm of the Dark Ocean,Documentary
200646,Light of the Burning Shadow,Romance|Musical
200647,Burning Warrior,Comedy
200648,Mystic Code,War|Documentary
200649,Guardian of the Falling Protocol,Film-Noir|Sci-Fi
200650,Silent Revenge,Crime|Documentary|Mystery
200651,Silver Algorithm,Adventure|Documentary|Romance
200652,The Savage Dream,Adventure|Children|Documentary
200653,Final Dream,Documentary|Comedy
200654,Star of the Secret Prophecy,Western|Comedy|Action
200655,Forgotten Force,Comedy|War|Animation
200656,Legendary Legacy,Crime
200657,Crimson Guardian,Horror|Romance
200658,The Awakened Memory,Children|Documentary|Western
200659,The Golden Algorithm,Film-Noir|Comedy
200660,The Secret Destiny,Children
200661,Mystic Prophecy,Comedy
200662,Forgotten Legacy,War|Film-Noir
200663,The Forgotten Destiny,Western
200664,Hidden Legacy,Crime|Horror|Western
200665,Mountain of the Awakened Guardian,Sci-Fi|Musical|Romance
200666,Eternal Thunder,Thriller|Musical
200667,Crimson Justice,Romance|Mystery
200668,The Final Ocean,Sci-Fi
200669,The Silver Algorithm,Action
200670,Silver Dream,Documentary|Horror|Musical
200671,The Broken Storm,Fantasy|Musical|Romance
200672,The Savage Legacy,Film-Noir
200673,Ancient Empire,Animation
200674,Secret Destiny,Western|Thriller|Adventure
200675,Awakened Legacy,War|Horror
200676,Dream of the Dark Protocol,Children
200677,Ancient Empire,War
200678,Forest of the Eternal Revenge,War
200679,Burning Warrior,Fantasy|Film-Noir|Adventure
200680,Memory of the Forgotten Heart,Comedy
200681,Shadow of the Legendary Titan,Thriller|Fantasy
200682,Legacy of the Ancient Algorithm,Animation|Film-Noir
200683,First Warrior,Animation
200684,Legacy of the Silver Destiny,Crime
200685,The Shattered Justice,Animation
200686,Justice of the Shattered Prophecy,Thriller
200687,Mystic Shadow,Mystery|Animation
200688,Thunder of the Golden Force,Animation|Horror|Western
200689,Force of the Silver Revenge,Mystery
200690,Eternal Empire,Drama
200691,Iron Ocean,Adventure|Documentary
200692,Revenge of the Hidden Destiny,Comedy
200693,Ancient Sky,Children|Thriller|Romance
200694,Guardian of the Final Storm,Mystery|Sci-Fi
200695,Mountain of the Dark Guardian,Mystery|Romance
200696,Destiny of the Silent Justice,Mystery|Adventure
200697,Empire of the Forgotten Memory,Animation|Drama
200698,Rising Light,Western|Drama
200699,Golden Algorithm,Animation|Action
200700,The Burning Ocean,Fantasy
200701,Infinite Storm,Musical|Animation
200702,Burning Revenge,Crime
200703,Sky of the Iron Kingdom,Documentary|Animation|Fantasy
200704,The Rising Algorithm,War
200705,Code of the First Light,Action|Crime|Documentary
200706,The Mystic Empire,Thriller|Crime|Musical
200707,Last Ocean,Animation|Documentary
200708,First Titan,Western|War|Film-Noir
200709,The Broken Sky,Documentary|Western
200710,Prophecy of the Forgotten Code,Thriller|Romance
200711,The Eternal Soul,Animation|Children
200712,Eternal Prophecy,Film-Noir|Thriller|Drama
200713,Frozen Forest,Musical|Romance|Crime
200714,The Brave Light,Children|Comedy
200715,Protocol of the Lost Mountain,Drama|Romance
200716,The Azure Ocean,Western|Musical|Thriller
200717,Dream of the Falling Force,Action|Western
200718,The Frozen Prophecy,Thriller|Musical
200719,The Iron Dimension,Documentary
200720,Empire of the Eternal Kingdom,Drama|Children|Thriller
200721,The Infinite Dream,Sci-Fi
200722,Dream of the Dark Illusion,Comedy
200723,First Heart,War|Animation|Mystery
200724,The Golden Forest,Adventure|Animation|Mystery
200725,Titan of the Forgotten Algorithm,Horror
200726,The Hidden Legacy,Film-Noir|Musical|Comedy
200727,Mountain of the Dark Prophecy,Adventure|Fantasy
200728,The Golden Kingdom,Adventure|Sci-Fi
200729,The Final Legacy,Fantasy|Children|Thriller
200730,First Prophecy,Fantasy
200731,The Secret Guardian,Horror
200732,Burning Illusion,Horror|Animation|Drama
200733,Storm of the Iron Soul,Comedy|Crime|Adventure
200734,Dimension of the Azure Mountain,Fantasy|Drama|Documentary
200735,Force of the Golden Revenge,Drama|Thriller
200736,Dimension of the First Memory,Action|Crime
200737,Last Heart,Horror|Comedy|Western
200738,Frozen Dream,Thriller
200739,The First Force,Musical|Adventure|Western
200740,Storm of the First Titan,Comedy|Mystery
200741,The Forgotten Heart,Crime
200742,The Falling Sky,War|Crime|Documentary
200743,The Ancient Destiny,Romance|War
200744,The Iron Protocol,Film-Noir|Action|Sci-Fi
200745,Brave Mountain,Musical
200746,The Brave Kingdom,Drama|Fantasy
200747,Brave Kingdom,War|Documentary
200748,Secret Protocol,War
200749,Prophecy of the Eternal Soul,Fantasy|Documentary
200750,Revenge of the Burning Kingdom,Horror|Comedy|Musical
200751,Code of the Final Empire,Comedy|Animation|Drama
200752,The Dark Algorithm,Film-Noir|Documentary|Horror
200753,Shattered Mountain,Fantasy|Animation
200754,Heart of the Forgotten Memory,Drama|Horror
200755,Dark Warrior,Horror
200756,The First Memory,Thriller
200757,Crimson Soul,Film-Noir|Fantasy
200758,Eternal Kingdom,Film-Noir|Musical
200759,Silent Shadow,Animation|Western|Film-Noir
200760,The Ancient Prophecy,Western
200761,The Mystic Soul,Sci-Fi|Thriller|Musical
200762,The Golden Star,Documentary|Action
200763,Prophecy of the Legendary Legacy,Mystery|Documentary
200764,The Burning Shadow,Thriller|Film-Noir|Romance
200765,Forest of the Falling Prophecy,Children|Mystery|Action
200766,Forest of the Shattered Legacy,Documentary
200767,Light of the Burning Dimension,Documentary|War|Animation
200768,Force of the Savage Illusion,Documentary|Film-Noir
200769,The Azure Justice,Comedy
200770,Final Light,Drama|Adventure|Romance
200771,Titan of the Falling Code,Western|Action
200772,Azure Mountain,War
200773,Prophecy of the Frozen Warrior,War|Comedy
200774,First Code,Western|Documentary|Comedy
200775,Forest of the Golden Star,Horror|Film-Noir
200776,Titan of the Forgotten Revenge,War|Fantasy|Western
200777,Justice of the Secret Soul,Thriller
200778,The Shattered Storm,Animation
200779,The Frozen Justice,War|Sci-Fi
200780,The Eternal Kingdom,Romance|Animation|Horror
200781,The Iron Warrior,Animation
200782,The Forgotten Forest,Fantasy|Comedy
200783,Lost Forest,Thriller|Horror|Drama
200784,The Iron Dream,Fantasy|Adventure|Documentary
200785,The Legendary Revenge,Action
200786,Justice of the Forgotten Empire,War
200787,Dark Thunder,Adventure|Horror|Western
200788,The Iron Light,Children|Romance|War
200789,The Legendary Sky,Sci-Fi|Drama|Adventure
200790,The Eternal Algorithm,Crime
200791,Frozen Ocean,Animation
200792,Legacy of the Golden Guardian,Children|Film-Noir|Horror
200793,The Frozen Storm,Drama|Horror|War
200794,The Falling Code,Fantasy|Sci-Fi
200795,Crimson Mountain,Adventure|War
200796,The Shattered Thunder,Crime|Musical|Western
200797,The Crimson Memory,Animation|Film-Noir
200798,Code of the Rising Force,Thriller
200799,Destiny of the Legendary Shadow,Thriller|Crime
200800,Dream of the Silent Thunder,Crime
200801,Guardian of the Silver Revenge,War
200802,Revenge of the Eternal Soul,Musical|War|Children
200803,Forgotten Dream,Film-Noir|Comedy
200804,The Falling Dream,Mystery|Crime
200805,Final Ocean,Children|Sci-Fi
200806,Lost Code,Romance
200807,The Legendary Algorithm,War
200808,The Dark Light,Comedy|Thriller|Action
200809,The Lost Heart,Thriller|Comedy|Horror
200810,The Silver Justice,Musical
200811,The Ancient Prophecy,Thriller|Documentary|Sci-Fi
200812,Silver Soul,War|Comedy
200813,The Azure Destiny,Mystery|Adventure
200814,The Burning Empire,Musical|Mystery|Comedy
200815,Lost Kingdom,Documentary|Musical
200816,The Legendary Legacy,Children|Action
200817,The Rising Justice,Animation|Action
200818,Last Algorithm,Romance|Crime|Horror
200819,Crimson Force,Thriller|Animation|Musical
200820,The Broken Sky,Children|Film-Noir
200821,Crimson Empire,Children|Drama|Horror
200822,Iron Kingdom,Drama
200823,Savage Dimension,Crime|Animation
200824,The First Prophecy,Mystery|Comedy|Western
200825,Last Shadow,Mystery|Adventure
200826,Shadow of the Shattered Sky,War|Musical|Film-Noir
200827,The Hidden Prophecy,Thriller|Fantasy|Adventure
200828,Rising Sky,Adventure|Film-Noir
200829,Memory of the Silent Star,Drama|Horror|Crime
200830,Sky of the Azure Thunder,Drama|Comedy|Fantasy
200831,First Light,Sci-Fi|War
200832,Destiny of the Infinite Guardian,Mystery
200833,Prophecy of the First Soul,Western
200834,Mountain of the Rising Algorithm,Crime
200835,The Eternal Dream,Documentary
200836,Dark Storm,Children
200837,The Dark Algorithm,Fantasy
200838,Storm of the Infinite Force,Documentary|Mystery|Musical
200839,Code of the Crimson Mountain,Film-Noir|Animation
200840,Iron Prophecy,Horror|Drama
200841,The Last Algorithm,Animation|Crime
200842,Revenge of the First Mountain,Children|Musical
200843,Storm of the Falling Sky,Film-Noir|Action
200844,First Force,Sci-Fi|Western|Romance
200845,Crimson Dream,Film-Noir
200846,Algorithm of the Eternal Sky,Animation|Drama|Fantasy
200847,The Falling Ocean,Documentary|Mystery|Crime
200848,Star of the Legendary Prophecy,Film-Noir|Animation
200849,Mountain of the Crimson Revenge,Children|Mystery|Drama
200850,Justice of the Crimson Code,Action|Western|Film-Noir
200851,Illusion of the Dark Justice,Western|Horror
200852,The Crimson Thunder,Crime|War|Sci-Fi
200853,Light of the Burning Illusion,Fantasy|Comedy
200854,Ancient Ocean,War
200855,The Burning Force,Documentary|Mystery|Action
200856,The Infinite Code,Mystery|Documentary|Crime
200857,Falling Kingdom,Comedy|Children|Animation
200858,The Azure Kingdom,Drama|Fantasy
200859,Empire of the Last Dream,Sci-Fi
200860,Forest of the Final Dream,Romance|War
200861,The Burning Guardian,Horror|Adventure|Mystery
200862,Destiny of the Frozen Kingdom,Horror
200863,The Shattered Titan,Animation|War|Comedy
200864,The Crimson Empire,Film-Noir
200865,The Hidden Heart,Fantasy|Musical
200866,Dark Heart,Children
200867,The Shattered Soul,Drama|Children
200868,Eternal Forest,Horror
200869,The First Justice,Horror|Children|Western
200870,Forgotten Kingdom,Documentary|Thriller
200871,Lost Memory,Adventure|Children|War
200872,Iron Algorithm,Fantasy|Horror|War
200873,The Ancient Empire,War|Western|Crime
200874,Storm of the Iron Storm,War|Crime
200875,Sky of the Iron Star,War|Comedy|Romance
200876,Shattered Warrior,Film-Noir|Thriller|Western
200877,Dimension of the Shattered Empire,Horror|Thriller
200878,Sky of the First Prophecy,Thriller|Animation|Action
200879,The Legendary Justice,Adventure
200880,Falling Mountain,Comedy|Fantasy|Western
200881,Ancient Kingdom,Drama|Mystery
200882,Thunder of the First Guardian,Adventure|Crime|Musical
200883,The Mystic Star,Children|Adventure|Musical
200884,Thunder of the Silver Dream,Film-Noir
200885,Force of the Ancient Forest,Adventure|Horror
200886,Code of the Silver Illusion,Children|Adventure|Thriller
200887,Empire of the Burning Titan,Thriller|Animation
200888,Force of the Forgotten Guardian,Children
200889,Silver Code,Drama|Musical
200890,Crimson Protocol,Documentary
200891,The Rising Soul,Romance
200892,Dimension of the First Thunder,War|Documentary|Thriller
200893,The Shattered Prophecy,Sci-Fi|Horror
200894,Memory of the Shattered Ocean,Horror
200895,Prophecy of the Hidden Kingdom,Fantasy|Children|Crime
200896,Azure Light,Mystery
200897,The Last Algorithm,Children|Crime|Western
200898,Legendary Memory,Romance|Children
200899,The Shattered Algorithm,Romance|Crime|Sci-Fi
200900,The Azure Star,Animation|Crime
200901,Shattered Light,Film-Noir|Sci-Fi
200902,The Shattered Protocol,Thriller
200903,Forgotten Sky,Crime
200904,Star of the Broken Star,Adventure|Mystery
200905,Forgotten Star,Drama|War
200906,Legacy of the Savage Storm,Action|Horror
200907,Mystic Ocean,Comedy|Fantasy|Crime
200908,The Hidden Heart,Action
200909,Warrior of the Last Mountain,Horror|Action|Western
200910,Rising Star,Comedy|Drama|Western
200911,The Mystic Dimension,Mystery|War
200912,Savage Algorithm,Fantasy|Action|Musical
200913,Shadow of the Golden Forest,Animation
200914,The Mystic Light,Film-Noir
200915,Star of the Burning Soul,Mystery|Western|Comedy
200916,Final Destiny,Documentary
200917,Heart of the Silver Thunder,Adventure|Fantasy
200918,Guardian of the Last Algorithm,Children|Thriller
200919,The Silver Force,Crime|Children|Horror
200920,Mountain of the Rising Sky,Adventure
200921,Algorithm of the Eternal Soul,Thriller|Horror
200922,Forest of the Iron Thunder,Documentary|War|Film-Noir
200923,The Secret Memory,Animation
200924,The Legendary Dream,Adventure
200925,Frozen Revenge,Comedy
200926,Savage Algorithm,Adventure|Mystery|Fantasy
200927,Thunder of the Falling Protocol,Action|Animation
200928,The Last Algorithm,Documentary|Western|Crime
200929,The Crimson Heart,Drama
200930,Kingdom of the Silver Protocol,Adventure|War|Film-Noir
200931,Storm of the Legendary Prophecy,Thriller|Western|Romance
200932,The Rising Justice,Romance|Comedy
200933,The Lost Prophecy,Thriller|Adventure|War
200934,Infinite Justice,Animation
200935,Infinite Star,Mystery|Adventure
200936,Broken Heart,Action
200937,Falling Legacy,Mystery|War|Thriller
200938,The Mystic Star,Children|Drama|Horror
200939,The Iron Code,Drama|Horror
200940,The Final Titan,Film-Noir
200941,Prophecy of the Lost Thunder,Thriller|Drama
200942,Falling Dream,Musical|Crime|Drama
200943,Infinite Empire,Action
200944,Memory of the First Kingdom,Horror|Drama|Fantasy
200945,Warrior of the Broken Revenge,Adventure|Thriller|Western
200946,Legacy of the Eternal Kingdom,Thriller|Animation
200947,Empire of the Iron Mountain,Musical|Comedy|Children
200948,The Hidden Storm,Thriller|Fantasy
200949,Silent Illusion,Adventure|Crime|Horror
200950,Shattered Illusion,Action
200951,The Brave Warrior,War|Thriller|Film-Noir
200952,Legacy of the Golden Kingdom,Comedy|Crime|Adventure
200953,The Brave Forest,Mystery|Drama|Western
200954,Burning Light,Mystery
200955,The Awakened Soul,Animation|Romance
200956,Awakened Destiny,Mystery
200957,Secret Warrior,Drama
200958,Memory of the Crimson Dimension,Sci-Fi
200959,Prophecy of the Final Dream,Western|Sci-Fi|Drama
200960,Awakened Heart,Romance|Children|War
200961,Crimson Ocean,Children|Documentary
200962,The Hidden Code,Sci-Fi
200963,The Brave Sky,War
200964,Ocean of the Dark Prophecy,Comedy|Sci-Fi|Mystery
200965,Forest of the Azure Code,Documentary
200966,Memory of the Shattered Revenge,Adventure|Sci-Fi
200967,Mountain of the Shattered Prophecy,Drama
200968,Burning Dream,Film-Noir|Children|Action
200969,Illusion of the Secret Justice,Adventure
200970,Awakened Kingdom,Mystery
200971,The Savage Illusion,Musical|Sci-Fi
200972,The Golden Sky,Musical|Children|Action
200973,The Hidden Force,Action|Drama|Mystery
200974,Warrior of the Iron Protocol,Action|Documentary
200975,Rising Sky,Thriller
200976,Dimension of the Golden Warrior,Children
200977,The Brave Illusion,Mystery|Musical
200978,Eternal Justice,Adventure|Horror
200979,The Burning Dimension,Fantasy
200980,Azure Sky,Musical|Documentary
200981,Mystic Dimension,Mystery|Adventure|Animation
200982,Empire of the First Soul,Action
200983,Brave Forest,Fantasy|War
200984,The Azure Protocol,Drama|War
200985,The Frozen Dream,Action|Thriller
200986,Forgotten Warrior,Western
200987,The Broken Legacy,Film-Noir|Action|Animation
200988,Legendary Justice,Crime|Comedy
200989,Eternal Algorithm,Mystery
200990,Golden Revenge,Documentary|Mystery
200991,Falling Storm,Sci-Fi|Horror|Film-Noir
200992,Golden Warrior,Horror|Film-Noir
200993,Lost Star,Romance|Horror
200994,The Hidden Soul,Adventure|Romance
200995,Heart of the Last Warrior,Children
200996,The Infinite Destiny,Fantasy
200997,Star of the Ancient Ocean,Action|Romance
200998,Crimson Empire,Comedy|Romance
200999,The Lost Guardian,War|Thriller
201000,First Empire,Romance|Children|Animation
201001,Guardian of the Burning Dream,Western|War|Drama
201002,Soul of the Silver Soul,Adventure|Romance|Mystery
201003,Soul of the Lost Sky,Children
201004,Revenge of the Burning Sky,Sci-Fi|Thriller|Documentary
201005,The Final Thunder,Comedy
201006,Broken Justice,Western|Animation|War
201007,The First Mountain,Documentary|Sci-Fi|Fantasy
201008,The Golden Prophecy,Crime|Comedy
201009,Golden Sky,Documentary|Crime
201010,The First Ocean,Musical
201011,Iron Titan,Adventure
201012,Protocol of the Brave Soul,Western
201013,Final Memory,Horror|Drama
201014,Dream of the First Storm,Sci-Fi|Documentary
201015,Silver Prophecy,War
201016,Titan of the Silent Storm,Fantasy|Musical|Animation
201017,Falling Titan,Horror
201018,The Iron Dimension,Fantasy|Film-Noir|War
201019,Silver Prophecy,Drama|Documentary|Thriller
201020,Ocean of the Awakened Force,War
201021,The Secret Storm,Crime|War|Sci-Fi
201022,Lost Kingdom,War|Crime|Romance
201023,The Silver Force,Animation
201024,Falling Mountain,Documentary|Children
201025,The Brave Star,Western
201026,Legendary Empire,Documentary|Horror
201027,Falling Shadow,Musical|Horror|Animation
201028,Star of the Last Heart,Drama|Documentary|Western
201029,Savage Sky,Comedy|Musical|Action
201030,Star of the Broken Algorithm,Comedy|Crime|Fantasy
201031,Storm of the Shattered Ocean,Action
201032,The Final Warrior,Horror|Thriller|Musical
201033,Dream of the Azure Protocol,Comedy|Sci-Fi
201034,Protocol of the Eternal Memory,Mystery|Documentary
201035,Azure Shadow,Animation|Crime|Horror
201036,Light of the Golden Mountain,Film-Noir|Drama|War
201037,Frozen Shadow,Drama|War
201038,Infinite Heart,Children|War
201039,Protocol of the Brave Mountain,Animation|Action|Horror
201040,Mystic Empire,Western|Sci-Fi|Comedy
201041,First Guardian,Thriller|Romance
201042,Final Guardian,Comedy|Fantasy
201043,Legendary Ocean,Fantasy|Comedy|Children
201044,The First Warrior,Mystery|Fantasy
201045,Memory of the Dark Forest,Adventure|Film-Noir
201046,Savage Sky,Film-Noir|Thriller
201047,The Brave Mountain,Romance
201048,Falling Illusion,Sci-Fi
201049,Star of the Shattered Code,Romance
201050,Hidden Storm,Animation
201051,Ancient Shadow,Drama
201052,Final Protocol,Sci-Fi|Horror|War
201053,Sky of the Hidden Force,Film-Noir|Romance|Comedy
201054,The Savage Storm,Crime
201055,Heart of the Azure Code,Children|Fantasy
201056,Thunder of the Golden Sky,War|Drama|Crime
201057,Dream of the Crimson Guardian,Thriller|Romance|Mystery
201058,Illusion of the Infinite Titan,Mystery|Musical
201059,Light of the Burning Soul,Drama
201060,The First Code,Adventure|Western|War
201061,Legacy of the Mystic Protocol,Drama
201062,First Sky,Sci-Fi
201063,Empire of the Burning Code,Sci-Fi|Documentary
201064,Illusion of the Golden Empire,Comedy|Action
201065,The Burning Protocol,Mystery|Sci-Fi
201066,Dimension of the Ancient Forest,Romance
201067,The Crimson Soul,Thriller|Action
201068,The Azure Destiny,Romance|Adventure|Film-Noir
201069,The Crimson Kingdom,Film-Noir|Sci-Fi|Fantasy
201070,The Falling Warrior,Western
201071,Golden Memory,Sci-Fi|Fantasy|Comedy
201072,Legendary Dimension,Horror|Action|Crime
201073,Storm of the Silver Sky,Crime|Sci-Fi|Documentary
201074,The Last Revenge,Adventure
201075,Awakened Light,Comedy|Crime|Horror
201076,Illusion of the Last Warrior,Romance
201077,Dream of the Iron Empire,Adventure|Action|Romance
201078,Brave Algorithm,Horror
201079,Algorithm of the Legendary Prophecy,Mystery
201080,Empire of the Golden Dream,Western
201081,The Falling Ocean,Crime
201082,The Golden Illusion,Animation
201083,Legendary Kingdom,Sci-Fi|War|Fantasy
201084,The Broken Memory,Mystery
201085,Infinite Titan,Action|Romance|Documentary
201086,The Broken Warrior,Animation
201087,The Golden Kingdom,Western
201088,Dimension of the Silver Heart,Romance
201089,Ocean of the Frozen Protocol,Documentary|Comedy|Western
201090,Mountain of the Crimson Titan,Film-Noir|Animation
201091,Sky of the Iron Star,Animation|Comedy|Romance
201092,Final Storm,Fantasy|Musical|Mystery
201093,The Dark Warrior,Drama|Children
201094,Ocean of the Shattered Force,War
201095,The Dark Protocol,Musical
201096,The Secret Forest,Crime
201097,The Brave Legacy,Western|Horror
201098,The First Shadow,Mystery|Romance|War
201099,The Hidden Soul,Musical|Mystery|Thriller
201100,The Mystic Guardian,Horror|Adventure|Crime
201101,The Brave Algorithm,Sci-Fi|Crime|Drama
201102,Savage Star,Sci-Fi|Crime
201103,Burning Mountain,Fantasy
201104,Silent Mountain,Documentary
201105,Shattered Kingdom,Comedy|Fantasy|Action
201106,Golden Titan,Children|Action|Fantasy
201107,Algorithm of the Last Sky,Film-Noir|Children|Adventure
201108,Memory of the Shattered Destiny,Musical|Film-Noir
201109,Dimension of the Shattered Memory,Western|Adventure|War
201110,Shattered Memory,Thriller
201111,Final Guardian,Film-Noir|Sci-Fi|Mystery
201112,Soul of the Burning Shadow,Drama
201113,Star of the Azure Forest,Musical
201114,Azure Prophecy,Thriller
201115,Sky of the Silent Protocol,Drama|Fantasy|Crime
201116,The Savage Force,War
201117,Legendary Kingdom,Western
201118,Golden Algorithm,Action|Film-Noir|Fantasy
201119,Final Algorithm,Thriller
201120,The Legendary Justice,Action
201121,The Final Dream,Comedy
201122,Dimension of the Broken Destiny,Children|War|Musical
201123,Final Titan,Comedy|Romance|Thriller
201124,Force of the Forgotten Light,Animation|Adventure
201125,Prophecy of the Lost Force,Crime|Mystery
201126,First Thunder,Animation|Comedy|Drama
201127,The Mystic Heart,Fantasy|Film-Noir|Romance
201128,First Star,Drama|Children
201129,The Final Legacy,Drama|Animation
201130,Force of the Shattered Legacy,Children
201131,Memory of the Shattered Empire,Horror|Thriller|Adventure
201132,Hidden Illusion,Mystery|Sci-Fi|Horror
201133,Golden Algorithm,Comedy
201134,Justice of the Rising Algorithm,Adventure|Thriller
201135,Frozen Empire,Mystery|Thriller|Western
201136,The Eternal Code,Romance|Documentary|Mystery
201137,Kingdom of the Shattered Forest,Children
201138,Rising Code,Mystery|Children
201139,The Savage Dimension,Animation|Fantasy|Action
201140,Justice of the Azure Illusion,Thriller|Crime
201141,Awakened Storm,Western
201142,Brave Destiny,Crime|Musical|Adventure
201143,Silent Kingdom,Documentary|Adventure|War
201144,The Mystic Dimension,Sci-Fi|Western
201145,Azure Forest,Sci-Fi
201146,Last Revenge,Crime|Adventure
201147,Last Forest,Horror|Sci-Fi
201148,Warrior of the Crimson Force,Crime|Action
201149,The Falling Dimension,Adventure
201150,Light of the Golden Forest,Mystery
201151,Legacy of the Silver Ocean,Western
201152,The First Heart,Mystery|Sci-Fi
201153,The Savage Heart,Fantasy
201154,The Mystic Legacy,Drama|Action
201155,Golden Algorithm,Documentary|Western|Romance
201156,Azure Illusion,Musical
201157,Azure Warrior,Children|Horror
201158,Revenge of the Silver Soul,Children
201159,The Secret Heart,Sci-Fi
201160,The First Thunder,Musical|Drama
201161,The Forgotten Thunder,Film-Noir|Crime|Animation
201162,The Mystic Storm,Comedy|Mystery|Documentary
201163,Heart of the Falling Heart,Thriller|Western
201164,Last Code,Crime|Drama
201165,Empire of the Ancient Mountain,Crime|Fantasy
201166,Falling Soul,Adventure|Action
201167,Empire of the Broken Mountain,Drama|Film-Noir|Sci-Fi
201168,The Brave Star,Crime
201169,Forest of the Mystic Algorithm,Mystery|War
201170,Storm of the Final Sky,Horror|Action
201171,Golden Mountain,Western
201172,Legendary Protocol,Adventure|Sci-Fi|Mystery
201173,Savage Thunder,Action|Sci-Fi
201174,Legacy of the Crimson Mountain,Animation|Romance|Drama
201175,Shattered Algorithm,Sci-Fi|Animation|Western
201176,Last Guardian,Adventure
201177,The Hidden Code,Film-Noir|War|Adventure
201178,Code of the Legendary Protocol,Action|Thriller
201179,The Hidden Light,Sci-Fi
201180,The Frozen Guardian,Romance
201181,Ancient Destiny,Romance
201182,The Dark Warrior,Crime|Western|Animation
201183,Crimson Dimension,Western
201184,Justice of the Eternal Star,Action|Crime
201185,Mountain of the Brave Dream,Crime|Thriller|War
201186,Illusion of the Eternal Star,Western
201187,The Hidden Star,Adventure
201188,Mystic Legacy,Action|Adventure|Documentary
201189,Forest of the Crimson Empire,Romance|Animation
201190,The Brave Dimension,Film-Noir|Drama|Crime
201191,The Falling Memory,Comedy
201192,Light of the Last Star,Romance
201193,Shattered Titan,Western|Horror|Fantasy
201194,The Final Forest,Crime
201195,The Silver Star,Western|Comedy
201196,Soul of the Frozen Force,Adventure|Romance|Fantasy
201197,The Legendary Algorithm,Sci-Fi
201198,The Burning Memory,Film-Noir
201199,Legendary Storm,Musical
201200,Dark Force,Comedy
201201,Force of the Shattered Justice,Sci-Fi|Adventure|Animation
201202,Last Force,Film-Noir|Western|Sci-Fi
201203,The Crimson Ocean,Horror|Musical|Thriller
201204,Last Prophecy,Romance
201205,Force of the Brave Titan,Comedy
201206,Mountain of the Shattered Soul,Sci-Fi|Documentary|Musical
201207,The Broken Sky,Thriller|Fantasy|War
201208,The Golden Empire,Adventure|Western|Comedy
201209,Dream of the Legendary Force,Adventure|Horror|War
201210,The Crimson Kingdom,Comedy
201211,Golden Thunder,Mystery
201212,The Golden Kingdom,Documentary|Western
201213,The Iron Ocean,Romance|Fantasy
201214,Warrior of the Burning Sky,Film-Noir|Fantasy|Horror
201215,Hidden Dream,Crime
201216,The Ancient Guardian,Musical
201217,Dark Mountain,Action
201218,The Rising Force,Comedy|Romance
201219,Guardian of the Savage Destiny,Mystery|Sci-Fi|Drama
201220,Savage Thunder,Thriller|Film-Noir|Adventure
201221,The Iron Revenge,Musical
201222,The Lost Destiny,Action
201223,Kingdom of the Lost Guardian,Children|Crime|Mystery
201224,Crimson Legacy,Animation
201225,Illusion of the Legendary Thunder,Horror|Comedy|Fantasy
201226,Golden Shadow,Western
201227,Mystic Guardian,Thriller|Action|Drama
201228,Ancient Warrior,Fantasy|War|Horror
201229,The First Sky,Action
201230,Warrior of the Crimson Forest,Mystery
201231,The Lost Shadow,Comedy|Adventure|Crime
201232,Infinite Protocol,Mystery
201233,Dimension of the Brave Legacy,War
201234,Shadow of the Dark Storm,Mystery
201235,Thunder of the Falling Star,Horror|Comedy
201236,Silent Kingdom,War|Musical|Film-Noir
201237,The Mystic Protocol,Sci-Fi|Animation
201238,The Frozen Dimension,Animation
201239,Shattered Protocol,Action|Thriller|Crime
201240,The First Titan,War|Film-Noir|Adventure
201241,Falling Legacy,Fantasy|Sci-Fi
201242,Guardian of the Crimson Dream,Romance|Sci-Fi
201243,Heart of the Crimson Soul,Animation|Sci-Fi|Fantasy
201244,The Crimson Heart,Thriller|Adventure
201245,The First Illusion,Fantasy
201246,The Last Force,Documentary
201247,Dream of the Iron Light,Thriller|Film-Noir|Animation
201248,Silent Guardian,Musical|Sci-Fi
201249,Dimension of the Mystic Guardian,Romance
201250,The Burning Dream,Adventure|Fantasy|Children
201251,The Infinite Warrior,Fantasy|Animation
201252,Forest of the Golden Dimension,Thriller
201253,The Golden Shadow,Comedy
201254,The Last Warrior,Children|Adventure
201255,Dream of the Golden Empire,Film-Noir|Animation
201256,Revenge of the Shattered Storm,Sci-Fi|Film-Noir
201257,The Dark Revenge,Animation
201258,The Iron Forest,Adventure|Musical
201259,Shadow of the Infinite Revenge,Thriller|Animation|Crime
201260,The Awakened Illusion,Western
201261,The Final Kingdom,Fantasy
201262,The Final Prophecy,Action|Fantasy|Drama
201263,Secret Guardian,Thriller|Musical
201264,Force of the Last Ocean,Thriller|Documentary|Action
201265,The Hidden Code,Romance|Musical|Fantasy
201266,The Lost Kingdom,Documentary
201267,Broken Revenge,Drama
201268,Revenge of the Legendary Justice,Western|Film-Noir|Sci-Fi
201269,The Golden Empire,Crime|Fantasy|Action
201270,Eternal Thunder,Adventure
201271,Storm of the Lost Sky,Comedy
201272,Savage Code,Children|Romance
201273,The Lost Shadow,Crime|Western|Mystery
201274,Dimension of the Brave Kingdom,Mystery
201275,Dream of the Lost Forest,Children
201276,The Legendary Dimension,Thriller
201277,Algorithm of the Silent Light,Western
201278,Storm of the Golden Thunder,Film-Noir
201279,Memory of the Falling Prophecy,Fantasy|Film-Noir|Mystery
201280,Legacy of the Falling Heart,Romance|Fantasy
201281,The Final Dream,Fantasy|Children
201282,The Broken Titan,Thriller|Western
201283,Savage Empire,Musical|War
201284,The Silver Ocean,Film-Noir
201285,The Burning Guardian,Comedy
201286,Revenge of the Golden Code,Animation|Western|Film-Noir
201287,Brave Force,Musical|Horror
201288,Algorithm of the Iron Forest,Comedy|Film-Noir|Animation
201289,Brave Destiny,Sci-Fi|Animation|Documentary
201290,Star of the Forgotten Sky,Romance|Action|Adventure
201291,The Falling Warrior,Documentary|War
201292,Mystic Shadow,Fantasy
201293,Ancient Force,Documentary|Western|Sci-Fi
201294,Hidden Empire,Animation|Romance|Thriller
201295,The Mystic Shadow,Fantasy|Sci-Fi
201296,The Crimson Dream,Horror|Documentary|Drama
201297,The Ancient Sky,Animation|Action|Adventure
201298,Savage Light,Drama
201299,Dream of the Azure Titan,Animation|Crime
201300,Kingdom of the Azure Algorithm,Adventure|Drama
201301,Lost Force,Romance|Thriller
201302,Legacy of the Awakened Warrior,Western|War|Children
201303,Frozen Shadow,Documentary
201304,Soul of the Savage Mountain,Drama|Romance|Children
201305,The Ancient Light,Drama|Film-Noir|Horror
201306,The Brave Revenge,Film-Noir
201307,Heart of the Frozen Dream,Sci-Fi|Drama
201308,The Last Memory,Animation|Horror|Film-Noir
201309,Lost Light,Action
201310,The Savage Shadow,Documentary|Children
201311,Guardian of the Silent Heart,Adventure
201312,Savage Force,Action|Children
201313,The Eternal Legacy,Fantasy|Children|Adventure
201314,The Secret Ocean,Fantasy|Documentary
201315,The Rising Star,Thriller
201316,First Code,Romance|Fantasy
201317,First Storm,War
201318,Burning Code,Film-Noir
201319,Revenge of the Silver Empire,Children
201320,Thunder of the Infinite Revenge,Documentary
201321,Protocol of the Eternal Thunder,Drama|Fantasy
201322,Burning Heart,Musical|Crime
201323,The Azure Thunder,Drama|Western|Animation
201324,Legendary Guardian,War
201325,Light of the Rising Star,Film-Noir|Mystery
201326,Brave Algorithm,Sci-Fi|Children
201327,The Hidden Soul,Horror|Drama|Sci-Fi
201328,Azure Prophecy,Comedy
201329,Hidden Destiny,Drama|Thriller|Musical
201330,Light of the Iron Light,Horror|Drama|Documentary
201331,Azure Dream,War|Fantasy
201332,Star of the Falling Justice,Adventure|Sci-Fi|Drama
201333,The Ancient Empire,Crime|Action
201334,Ancient Destiny,Fantasy
201335,The Falling Mountain,War
201336,Shattered Destiny,Western|Horror|Fantasy
201337,The Broken Star,War|Crime|Comedy
201338,Titan of the Final Justice,Musical|Fantasy
201339,The First Dimension,Animation
201340,Kingdom of the First Mountain,Musical
201341,Last Kingdom,Animation
201342,Soul of the Lost Prophecy,Western
201343,The Broken Soul,Comedy
201344,Heart of the Last Justice,Animation
201345,Titan of the Shattered Dimension,Sci-Fi
201346,The Broken Sky,Animation|Fantasy|War
201347,Algorithm of the Last Forest,Action
201348,The Falling Memory,Horror|Drama|War
201349,Protocol of the Crimson Revenge,Musical
201350,The Silver Ocean,Children
201351,Eternal Algorithm,Children
201352,Shattered Sky,Animation|Romance|Fantasy
201353,Frozen Guardian,War|Horror|Sci-Fi
201354,The Rising Soul,Thriller|Adventure|Documentary
201355,Thunder of the First Justice,Horror|Musical
201356,Shadow of the Ancient Guardian,Mystery|Fantasy|Crime
201357,The Broken Forest,Thriller
201358,Forgotten Guardian,Film-Noir|Crime
201359,The Dark Storm,Comedy
201360,Awakened Ocean,Horror|Musical|Western
201361,Force of the Lost Dimension,Animation|Drama
201362,Azure Soul,Sci-Fi|Comedy|Adventure
201363,The Falling Dimension,Western
201364,The Awakened Legacy,Western
201365,Mountain of the Brave Forest,Film-Noir
201366,Destiny of the Hidden Forest,War
201367,Brave Algorithm,Romance|War
201368,The Brave Destiny,Fantasy|Mystery|Thriller
201369,Destiny of the Falling Star,Musical|Crime
201370,The Iron Algorithm,Mystery
201371,The Eternal Revenge,Fantasy|War|Film-Noir
201372,Final Destiny,Sci-Fi|Musical
201373,Titan of the Golden Mountain,Romance|Animation
201374,The Silent Legacy,Western
201375,The First Forest,Mystery|Fantasy
201376,Lost Heart,Adventure|Fantasy
201377,Awakened Storm,Drama|Action
201378,The Broken Revenge,Romance|Thriller|Western
201379,The Broken Storm,War|Action
201380,The Silent Thunder,War
201381,The Infinite Storm,Mystery|Film-Noir
201382,The Rising Kingdom,Crime
201383,Awakened Warrior,Fantasy
201384,Burning Revenge,Musical|Comedy|Action
201385,The Burning Legacy,Sci-Fi|Drama
201386,Burning Kingdom,Mystery|Animation|Documentary
201387,Guardian of the Eternal Storm,Musical|Sci-Fi|Adventure
201388,Legacy of the Azure Shadow,Crime|Fantasy
201389,Rising Revenge,Musical|Film-Noir|Children
201390,The Silver Dimension,Drama|Mystery|Film-Noir
201391,The Eternal Dimension,Mystery|Thriller|Animation
201392,Shattered Empire,Children
201393,The Savage Illusion,Western|Mystery|Romance
201394,Soul of the Golden Light,Fantasy|Drama|Romance
201395,Azure Titan,Action
201396,Silver Titan,Action|Animation
201397,Memory of the Iron Thunder,Adventure|Thriller
201398,Forest of the Legendary Thunder,War|Animation
201399,The Azure Sky,Animation
201400,Broken Dimension,Comedy|Thriller
201401,The Broken Revenge,Action
201402,Ancient Mountain,War
201403,The Brave Warrior,Horror|Western|Children
201404,The Rising Star,Thriller|War
201405,The Frozen Kingdom,Fantasy|Romance|Mystery
201406,The Dark Soul,Horror|Mystery
201407,The Brave Empire,Fantasy|Film-Noir|Children
201408,Final Mountain,Adventure
201409,Broken Legacy,Animation|War
201410,The Frozen Dimension,War|Western|Mystery
201411,Savage Empire,Action|Sci-Fi
201412,Brave Dream,Horror|Documentary|Action
201413,The First Mountain,Horror
201414,Titan of the Mystic Code,Musical
201415,Protocol of the Silent Dream,Sci-Fi|Musical
201416,Infinite Code,War|Film-Noir|Documentary
201417,Iron Protocol,Documentary|Thriller|Children
201418,Infinite Forest,Fantasy|Animation
201419,Prophecy of the Shattered Dimension,Drama
201420,The First Destiny,Romance|Horror
201421,Illusion of the Golden Shadow,Animation|Fantasy
201422,The Legendary Revenge,Fantasy
201423,Mystic Heart,Thriller|Musical|Children
201424,Ancient Illusion,Thriller|Animation|Documentary
201425,Star of the Forgotten Ocean,Western
201426,Crimson Thunder,Children|Adventure
201427,Falling Illusion,War
201428,Dimension of the Falling Heart,Adventure|Comedy|Sci-Fi
201429,Light of the Silver Legacy,Action|Crime|Children
201430,Last Mountain,Sci-Fi|War
201431,Memory of the Last Illusion,Animation
201432,Sky of the Last Revenge,Sci-Fi|Horror
201433,The Legendary Storm,Mystery|Horror|Animation
201434,Iron Revenge,Romance|Crime|Musical
201435,Protocol of the Shattered Warrior,Fantasy|Mystery
201436,The Frozen Light,Romance
201437,Heart of the Iron Prophecy,Drama
201438,The Final Thunder,Adventure|Action|Western
201439,Hidden Empire,Drama|Children|Adventure
201440,Forgotten Destiny,Fantasy|Animation
201441,The Hidden Justice,Crime|Musical|Western
201442,The Secret Empire,Comedy
201443,The Lost Dimension,Documentary|Horror
201444,The Mystic Legacy,Documentary|Crime|Children
201445,Savage Dimension,War|Western|Mystery
201446,Rising Empire,Film-Noir|Documentary|Crime
201447,Silent Thunder,War|Western
201448,The Last Protocol,Comedy
201449,The Eternal Algorithm,Crime|Thriller|Documentary
201450,Dark Ocean,Musical|Thriller|Animation
201451,The Frozen Soul,Drama|Musical
201452,Crimson Light,Western|Thriller
201453,Shattered Legacy,Adventure|Romance
201454,Lost Memory,Animation|Action
201455,Infinite Warrior,Sci-Fi|Drama
201456,Awakened Star,Sci-Fi
201457,The Frozen Dimension,Romance|Sci-Fi
201458,The Silver Code,Documentary
201459,Silver Code,Horror|Film-Noir|Musical
201460,The Crimson Dimension,Drama|Sci-Fi
201461,Ancient Shadow,Horror|Thriller
201462,The Last Revenge,Thriller
201463,The Last Justice,Mystery|Romance
201464,The First Kingdom,Comedy|Action
201465,Empire of the Legendary Legacy,Musical|Thriller|Western
201466,The Broken Algorithm,Drama|War
201467,The Broken Force,Thriller
201468,The Forgotten Shadow,Action|Mystery|Thriller
201469,Shadow of the Rising Code,Action|Drama|Crime
201470,Silent Storm,War|Animation
201471,Code of the Lost Dream,Fantasy|Adventure
201472,Shattered Memory,Drama|Action
201473,Forgotten Legacy,Adventure
201474,Star of the Rising Ocean,War|Film-Noir
201475,Algorithm of the Last Algorithm,Adventure|Animation
201476,Awakened Dimension,Horror|Documentary|Drama
201477,Legendary Warrior,Fantasy|Sci-Fi
201478,Revenge of the Shattered Empire,Mystery|Fantasy|Horror
201479,Light of the Falling Dream,Musical|Thriller|Animation
201480,Prophecy of the Dark Revenge,Thriller
201481,Forgotten Warrior,Horror|Mystery
201482,The Golden Force,Western|Documentary
201483,Silver Empire,Romance|Thriller
201484,Burning Justice,Action|Mystery
201485,Sky of the Savage Mountain,Adventure|Western
201486,Code of the Iron Empire,Crime|Adventure
201487,Empire of the First Prophecy,Drama|Musical
201488,The Broken Storm,Adventure|Thriller|Documentary
201489,First Guardian,Children|Drama|Adventure
201490,Hidden Prophecy,Comedy
201491,The Crimson Storm,Musical|Action|Animation
201492,Mystic Thunder,Thriller|Romance
201493,The Awakened Prophecy,Children|Mystery
201494,The Rising Algorithm,Mystery|Children
201495,Revenge of the Eternal Light,Comedy
201496,Light of the Brave Shadow,Western|Documentary
201497,Final Algorithm,Sci-Fi
201498,Legacy of the Lost Kingdom,Film-Noir|Western|Sci-Fi
201499,Lost Revenge,Western|Children
201500,Legacy of the Hidden Legacy,Action|War
201501,Justice of the Mystic Dimension,Thriller|Adventure
201502,Warrior of the First Guardian,Musical|Crime|Fantasy
201503,The Lost Storm,Sci-Fi|Horror|Action
201504,Infinite Algorithm,Adventure|War
201505,The Last Guardian,Mystery
201506,Dark Ocean,Children
201507,The Brave Shadow,Drama|Fantasy|Adventure
201508,Legacy of the Eternal Legacy,Drama|Mystery
201509,Code of the Azure Justice,Action
201510,The Savage Mountain,Crime|Romance|Western
201511,Dimension of the Lost Force,Film-Noir|Animation
201512,Guardian of the Shattered Force,Children
201513,The Shattered Justice,Sci-Fi
201514,Star of the Azure Shadow,Western
201515,The Rising Algorithm,Romance|Western
201516,Eternal Algorithm,War
201517,Silver Force,Mystery|Film-Noir|Musical
201518,Mountain of the Shattered Dream,Film-Noir|Musical|Crime
201519,The Burning Code,War|Musical|Adventure
201520,Storm of the Mystic Mountain,Thriller|Crime
201521,The Infinite Algorithm,War|Crime|Romance
201522,The Awakened Prophecy,Horror|Children|Romance
201523,Golden Forest,Musical|Comedy|Romance
201524,Soul of the Burning Shadow,Comedy|Fantasy
201525,Thunder of the Dark Algorithm,Fantasy|Musical|Western
201526,Sky of the Legendary Destiny,Western|Comedy
201527,Memory of the Secret Storm,Children|Documentary|Fantasy
201528,Dark Destiny,Action|Drama|Sci-Fi
201529,The Forgotten Dimension,Action|Romance|Horror
201530,The Golden Warrior,Sci-Fi|Crime|Romance
201531,Dark Storm,Western
201532,The Forgotten Illusion,Fantasy|Adventure
201533,The Falling Titan,Fantasy
201534,The Crimson Dream,War|Children
201535,Rising Light,Horror|Film-Noir|Animation
201536,Empire of the Dark Force,Romance|Sci-Fi|Horror
201537,Force of the Burning Mountain,Mystery|Action
201538,Heart of the Mystic Protocol,Western|Fantasy
201539,The Broken Illusion,Film-Noir|Drama
201540,Frozen Storm,Sci-Fi|Mystery|Drama
201541,Final Dream,War
201542,Thunder of the Forgotten Dimension,Film-Noir|Sci-Fi|Mystery
201543,Brave Soul,Comedy|Adventure|War
201544,Dimension of the Lost Sky,Children
201545,Ocean of the Iron Titan,Fantasy|Drama
201546,Golden Code,Thriller|Action
201547,The Forgotten Prophecy,Mystery|Action
201548,Illusion of the Mystic Warrior,Musical|Drama|Children
201549,Force of the Legendary Soul,Crime|Comedy
201550,Titan of the Final Heart,Fantasy|Animation
201551,The Savage Code,Thriller|Mystery|Horror
201552,Star of the Savage Destiny,Romance|Crime
201553,Last Protocol,War|Film-Noir|Thriller
201554,Last Protocol,Western|Documentary
201555,Justice of the Last Destiny,Adventure|Sci-Fi|Animation
201556,Soul of the Mystic Protocol,Horror|Sci-Fi|Fantasy
201557,Kingdom of the Shattered Algorithm,Drama|Romance|Thriller
201558,Last Guardian,Drama
201559,Broken Force,Comedy|Romance
201560,The Dark Storm,Sci-Fi|Western|Mystery
201561,Rising Protocol,Adventure|Fantasy
201562,Hidden Protocol,Horror
201563,Golden Light,Drama
201564,Frozen Forest,Western
201565,The Shattered Justice,Adventure|Fantasy|Western
201566,The Azure Memory,Children|Fantasy|Crime
201567,Legacy of the Forgotten Justice,Romance|Crime|Sci-Fi
201568,The Awakened Code,Romance|War
201569,The Secret Protocol,Film-Noir|Sci-Fi|Romance
201570,Awakened Memory,Horror|Thriller
201571,Star of the Rising Kingdom,Film-Noir|Romance|Fantasy
201572,Dream of the Burning Memory,Musical
201573,Forest of the Falling Prophecy,Adventure|Crime
201574,Silver Force,Film-Noir
201575,Falling Illusion,Children|Comedy
201576,Rising Titan,Film-Noir|Musical|Sci-Fi
201577,Legendary Sky,Fantasy|Children|Film-Noir
201578,Heart of the Shattered Empire,Western
201579,The Frozen Legacy,Musical
201580,Legacy of the Lost Thunder,Documentary|War
201581,First Illusion,Thriller
201582,The Eternal Algorithm,Musical|Thriller|Western
201583,Heart of the Ancient Storm,Romance
201584,Hidden Algorithm,Adventure|Romance|Western
201585,Savage Forest,Crime|Mystery|Film-Noir
201586,The Infinite Shadow,Horror|Crime|Action
201587,Last Storm,Sci-Fi
201588,Star of the Silver Light,Comedy
201589,Guardian of the Frozen Destiny,Musical
201590,Thunder of the Infinite Sky,Crime
201591,Soul of the Dark Force,Horror|Action|Fantasy
201592,The Silent Sky,Fantasy|Horror|Thriller
201593,The Infinite Shadow,Crime|Thriller|Mystery
201594,The Dark Illusion,Crime|War|Sci-Fi
201595,Crimson Light,Horror|Mystery
201596,The Awakened Forest,Crime|Thriller
201597,The Silver Sky,Children|Sci-Fi
201598,Silver Algorithm,Mystery
201599,Golden Prophecy,Action|Mystery
201600,The Legendary Destiny,Horror
201601,The Eternal Prophecy,Romance
201602,Silver Storm,Romance|Children
201603,Guardian of the Broken Protocol,Fantasy
201604,Memory of the Burning Prophecy,Comedy|Crime
201605,The Secret Forest,War
201606,Ancient Sky,Horror|Musical
201607,Star of the Secret Star,War|Horror|Comedy
201608,Silver Dimension,Drama
201609,Force of the Silent Shadow,Action|Mystery
201610,The Crimson Justice,Film-Noir|Animation
201611,The Golden Forest,Crime
201612,Dimension of the Silent Dimension,Film-Noir
201613,The Iron Heart,Mystery
201614,Mystic Revenge,War|Comedy
201615,The Crimson Heart,Children
201616,Broken Justice,Fantasy|Musical|Children
201617,The Silver Empire,Animation|Children
201618,Brave Dream,War
201619,The Frozen Code,Adventure|Musical|War
201620,The Awakened Warrior,Documentary|War
201621,Brave Kingdom,Romance|Mystery
201622,The Hidden Kingdom,Film-Noir|Drama|Adventure
201623,Algorithm of the Dark Kingdom,Sci-Fi|Animation|Crime
201624,The Forgotten Illusion,Film-Noir|Comedy|Romance
201625,Dark Destiny,Western
201626,Frozen Dimension,Horror|Action
201627,Illusion of the Dark Mountain,Animation|Fantasy|Drama
201628,The Brave Dimension,Comedy|Crime|Horror
201629,Soul of the Last Storm,Western
201630,Last Titan,Sci-Fi|Mystery|Fantasy
201631,Forgotten Soul,Thriller|Western|Fantasy
201632,Memory of the Savage Memory,Romance|Western|Drama
201633,Savage Protocol,Documentary
201634,Ocean of the Rising Sky,War|Sci-Fi
201635,Storm of the Burning Algorithm,Mystery|Action
201636,Infinite Memory,Action|Film-Noir
201637,Broken Titan,Animation|Thriller|Horror
201638,Rising Thunder,Animation|Romance
201639,Force of the Final Legacy,Horror|Crime
201640,The Broken Revenge,Film-Noir|Adventure|Musical
201641,Empire of the Golden Thunder,Mystery|Fantasy
201642,Shadow of the Burning Heart,Action
201643,The Eternal Sky,Crime|Drama
201644,Sky of the Dark Storm,Drama
201645,The Forgotten Illusion,Thriller|Horror
201646,Legendary Revenge,Western|Adventure|Action
201647,Legendary Justice,War
201648,The Silent Soul,Horror|Children|Drama
201649,Silent Star,Drama|Fantasy|Documentary
201650,Dark Protocol,Comedy|Thriller|Children
201651,Falling Revenge,Drama
201652,Golden Dimension,Children|Musical|Documentary
201653,Silent Heart,Crime|Mystery|Musical
201654,Heart of the Last Titan,Crime|Western
201655,Illusion of the Forgotten Light,Western|Drama|Children
201656,Ocean of the Final Titan,Children|War|Horror
201657,Star of the Secret Soul,Crime|War|Adventure
201658,Silent Star,Western|Action|Animation
201659,Broken Sky,Romance|Adventure|Fantasy
201660,Prophecy of the Ancient Titan,Fantasy
201661,The Forgotten Code,Children|Musical
201662,Light of the Final Dream,Crime
201663,The Infinite Guardian,Fantasy
201664,Warrior of the Infinite Algorithm,Animation
201665,Silent Shadow,Mystery|Film-Noir
201666,The Forgotten Forest,Comedy|Romance|War
201667,Mystic Memory,Romance|Fantasy
201668,Empire of the Infinite Light,Musical|Animation
201669,The Lost Star,Sci-Fi|Mystery|Animation
201670,Memory of the Frozen Revenge,Film-Noir|Adventure|Drama
201671,Frozen Kingdom,Comedy|Adventure
201672,First Heart,Horror|Western
201673,First Dimension,Adventure
201674,Storm of the Silent Star,Animation
201675,Azure Force,Crime|Horror
201676,Heart of the Forgotten Sky,War|Sci-Fi|Drama
201677,Legacy of the Dark Star,Fantasy|Mystery
201678,Broken Legacy,Documentary|Adventure
201679,The Brave Legacy,Film-Noir|War|Horror
201680,The Falling Titan,Fantasy
201681,Hidden Revenge,Crime|Musical|Film-Noir
201682,Legacy of the Azure Ocean,Adventure|Film-Noir
201683,The Crimson Legacy,Romance
201684,Kingdom of the Awakened Heart,Documentary|Romance|Crime
201685,Force of the Last Protocol,Western
201686,The Final Illusion,Fantasy|Action|Sci-Fi
201687,The First Kingdom,Fantasy
201688,Guardian of the Eternal Protocol,Action|Musical
201689,The Lost Algorithm,Comedy|Fantasy
201690,Secret Empire,Children
201691,The Ancient Code,Thriller|Horror|Children
201692,Broken Algorithm,Romance|Animation
201693,The Last Protocol,Drama|Horror|Children
201694,Lost Heart,Crime|Documentary|Horror
201695,The Frozen Mountain,Animation|Mystery|Thriller
201696,Broken Soul,Thriller|Sci-Fi
201697,The Falling Code,Thriller|Film-Noir
201698,The First Light,Comedy|Sci-Fi
201699,Memory of the Burning Shadow,Adventure|Documentary|Children
201700,Brave Dream,Animation|Fantasy
201701,Brave Mountain,Fantasy
201702,Dimension of the Hidden Empire,Crime|War
201703,Forgotten Storm,Drama
201704,Frozen Warrior,Western
201705,The Falling Dimension,Animation|Adventure
201706,Silent Prophecy,Crime|Thriller
201707,The Awakened Warrior,Adventure
201708,Shattered Star,Sci-Fi|Mystery
201709,Crimson Dimension,Musical
201710,The Legendary Mountain,Documentary|Sci-Fi|Romance
201711,The Silent Dream,Thriller|Adventure
201712,Falling Soul,Animation|Children
201713,The Burning Forest,Fantasy|Romance
201714,First Warrior,Animation
201715,Shadow of the Rising Ocean,Adventure|Children|Horror
201716,Dimension of the Mystic Dream,Action|Thriller|Horror
201717,Dark Justice,Children|Documentary
201718,The Forgotten Guardian,Musical
201719,Thunder of the Infinite Destiny,War|Sci-Fi|Drama
201720,The Awakened Force,Animation|Thriller|Mystery
201721,The Frozen Dimension,Mystery
201722,Golden Shadow,Children|Musical|Comedy
201723,Forgotten Justice,Romance|Drama|Children
201724,Shattered Prophecy,Action
201725,Ocean of the Infinite Code,Romance|Thriller|Documentary
201726,The Rising Warrior,Horror|Mystery|Action
201727,Dimension of the Last Thunder,Western
201728,The Savage Mountain,Musical
201729,Prophecy of the Eternal Memory,Film-Noir|War|Children
201730,The Ancient Shadow,Children|Film-Noir|Animation
201731,Brave Light,Comedy|Children|Horror
201732,The Iron Dream,Musical
201733,Light of the Crimson Star,Sci-Fi|Musical|Fantasy
201734,Iron Ocean,Horror|Documentary
201735,Justice of the Hidden Algorithm,Sci-Fi
201736,Kingdom of the Silent Star,Thriller|Western|Children
201737,Soul of the Dark Dimension,Horror|Comedy|Film-Noir
201738,Dimension of the Forgotten Illusion,Comedy|Animation|War
201739,Falling Shadow,Animation|Comedy
201740,The Final Destiny,Crime|Mystery
201741,Brave Legacy,Sci-Fi
201742,Shattered Protocol,Musical
201743,Soul of the Iron Thunder,Mystery|Adventure
201744,The Silent Titan,Romance
201745,Falling Thunder,Documentary
201746,Secret Soul,Drama
201747,Prophecy of the Legendary Light,Sci-Fi|Children
201748,The Crimson Legacy,Horror|Film-Noir
201749,The Brave Kingdom,Mystery
201750,Awakened Titan,Fantasy
201751,The Awakened Shadow,Adventure|Fantasy
201752,Eternal Dream,Fantasy|Documentary|Western
201753,Guardian of the Legendary Dimension,Adventure
201754,Ancient Shadow,Mystery|Action
201755,Golden Code,Mystery|Children|Film-Noir
201756,The Forgotten Empire,Musical|Animation|Action
201757,Brave Mountain,Drama
201758,Mystic Soul,Sci-Fi|Film-Noir
201759,Sky of the Lost Thunder,Mystery|Fantasy|Children
201760,Code of the Shattered Ocean,Documentary|Animation|Film-Noir
201761,Forest of the Mystic Soul,Comedy|Documentary
201762,The Brave Kingdom,Horror|Western|War
201763,Star of the Eternal Code,Animation|Romance
201764,Dimension of the Rising Algorithm,Horror|Romance|Fantasy
201765,The Brave Memory,Mystery
201766,Dark Destiny,Crime|Thriller
201767,Soul of the Awakened Titan,War|Musical|Fantasy
201768,The Rising Ocean,Documentary
201769,The Burning Guardian,Adventure
201770,Heart of the Dark Dream,Adventure
201771,Lost Light,Horror|Mystery
201772,The Falling Thunder,Action|Drama|War
201773,The Legendary Thunder,Musical|Animation
201774,Mountain of the First Illusion,Musical|Film-Noir
201775,Hidden Illusion,Film-Noir
201776,The Secret Soul,Fantasy|War
201777,Empire of the Legendary Revenge,Comedy
201778,The Forgotten Soul,Action|Adventure|War
201779,The Silent Ocean,Animation|Crime|Drama
201780,The Shattered Legacy,Romance|Fantasy|Crime
201781,Last Empire,Mystery|Documentary
201782,Mystic Algorithm,Mystery|Animation|Musical
201783,Algorithm of the Last Light,Musical
201784,Sky of the Awakened Code,War|Sci-Fi
201785,Mystic Warrior,Animation
201786,The Awakened Light,War|Drama
201787,The Frozen Forest,Animation|Children
201788,The Burning Kingdom,Thriller|Comedy|Action
201789,Algorithm of the Frozen Dimension,Sci-Fi|Film-Noir|War
201790,The Iron Titan,Film-Noir|Comedy
201791,The First Protocol,Film-Noir
201792,Rising Algorithm,Thriller|Mystery
201793,Algorithm of the Silent Protocol,Documentary
201794,Shadow of the Falling Star,Romance|Children
201795,Last Legacy,Children|Romance|Animation
201796,The Burning Destiny,Mystery|Drama
201797,Falling Illusion,Romance|Comedy|Thriller
201798,The Crimson Light,Action|Crime
201799,Lost Guardian,Musical|Thriller|Film-Noir
201800,Force of the Broken Soul,Horror|Mystery
201801,Force of the Broken Empire,Musical|Adventure|Action
201802,The Awakened Light,Comedy|Western
201803,Secret Shadow,Animation
201804,Protocol of the Crimson Shadow,Western|Animation|Children
201805,The Last Soul,Musical
201806,Mountain of the Dark Force,Romance|Thriller
201807,The Falling Soul,Animation|Crime|Romance
201808,Force of the Eternal Mountain,Western
201809,Dark Titan,Documentary
201810,The Infinite Dimension,Western|Action
201811,Dark Mountain,War|Horror
201812,The Final Light,Drama|Western
201813,Shattered Heart,Crime|Comedy|Children
201814,The Falling Code,Horror|Western
201815,First Legacy,Crime|Horror|Children
201816,Savage Empire,Children|Action
201817,Shattered Forest,Mystery|Drama|Romance
201818,Storm of the First Revenge,Fantasy|Thriller
201819,The Ancient Destiny,Adventure|Musical
201820,The Azure Storm,Documentary|Sci-Fi
201821,The Broken Thunder,Adventure
201822,The Lost Warrior,Animation
201823,Silver Empire,Film-Noir|Documentary|Romance
201824,Sky of the Infinite Force,Adventure|Thriller|Horror
201825,Empire of the Falling Code,Romance|Drama|Animation
201826,Savage Ocean,Comedy|Thriller
201827,Memory of the Frozen Empire,Adventure|Documentary
201828,Rising Warrior,Animation|Crime
201829,The Burning Dream,Mystery|Musical
201830,The Legendary Illusion,Thriller|Crime|Horror
201831,Secret Algorithm,Drama|Children
201832,Infinite Thunder,Thriller
201833,Legacy of the Burning Code,Animation|Fantasy|War
201834,Thunder of the Last Titan,Animation
201835,The Burning Shadow,Mystery
201836,The Rising Guardian,Musical|War
201837,The Eternal Light,Film-Noir|Horror|Romance
201838,The Silent Destiny,Comedy
201839,The Forgotten Warrior,Crime|Animation
201840,Mountain of the Legendary Mountain,Western|Drama|Adventure
201841,The Iron Memory,Adventure|War
201842,Forest of the Brave Storm,Adventure|Romance
201843,Shattered Prophecy,War
201844,Infinite Justice,Sci-Fi
201845,The Iron Storm,Drama|Horror
201846,The Frozen Code,Adventure
201847,Forgotten Thunder,Western|Romance
201848,Revenge of the Rising Protocol,Children|Action
201849,The Secret Revenge,Action|Film-Noir|Romance
201850,The Rising Protocol,Children
201851,Dimension of the Lost Kingdom,Musical|Documentary|Children
201852,Force of the Mystic Guardian,Adventure|Drama
201853,Code of the Eternal Thunder,Crime|Thriller
201854,Sky of the Broken Storm,Action
201855,The Frozen Soul,Animation
201856,Dimension of the Secret Storm,Fantasy|Sci-Fi
201857,Forest of the Awakened Guardian,Thriller|Romance
201858,Silent Code,Thriller|Mystery|Musical
201859,Forgotten Heart,Romance|Children|Comedy
201860,Legacy of the Silent Legacy,War
201861,First Sky,Documentary|Action
201862,Rising Ocean,Western|Sci-Fi|Film-Noir
201863,The Brave Forest,Horror
201864,The Silent Light,Children
201865,Silent Light,Thriller
201866,Burning Soul,Animation
201867,Light of the Legendary Titan,Sci-Fi|Western|Crime
201868,Prophecy of the Hidden Shadow,Film-Noir|Romance
201869,Brave Warrior,Documentary|Sci-Fi
201870,Shattered Justice,Film-Noir|Musical
201871,First Shadow,Horror|Documentary
201872,Hidden Memory,War
201873,The Crimson Dimension,Crime|Children
201874,Star of the Silver Titan,Drama|Mystery
201875,Forgotten Dimension,Documentary
201876,First Destiny,Sci-Fi
201877,Kingdom of the Ancient Guardian,Adventure|Crime|Mystery
201878,The Burning Justice,Romance|Western
201879,Mountain of the Last Titan,Documentary|War
201880,The Secret Titan,Animation|Action
201881,Silent Guardian,Adventure
201882,The Rising Soul,Comedy
201883,The Shattered Ocean,War
201884,Storm of the Broken Sky,Children|Film-Noir|Fantasy
201885,Legendary Revenge,Western
201886,Dark Sky,Documentary|Drama
201887,Infinite Ocean,Mystery|Romance|Musical
201888,Algorithm of the Legendary Shadow,Documentary
201889,Eternal Illusion,Mystery|Film-Noir|Sci-Fi
201890,Crimson Dream,Drama|Mystery
201891,Dream of the Hidden Warrior,Fantasy|Sci-Fi
201892,Lost Legacy,Documentary
201893,The Crimson Heart,Musical|Horror
201894,Legacy of the Savage Empire,Comedy|Crime|Western
201895,Star of the First Soul,Documentary
201896,The Falling Titan,Western|Children|Action
201897,The Brave Ocean,Documentary|Sci-Fi|Animation
201898,Lost Shadow,War
201899,The Brave Heart,Sci-Fi
201900,Iron Illusion,Mystery
201901,Titan of the Brave Thunder,Adventure|Comedy
201902,Force of the Ancient Shadow,Documentary|Crime
201903,Guardian of the Infinite Dimension,Children|Documentary|Thriller
201904,Warrior of the Lost Code,War
201905,Dark Dimension,Romance
201906,Broken Guardian,Western
201907,Destiny of the Azure Prophecy,Western|Drama
201908,Mountain of the First Storm,Adventure|Mystery
201909,The Mystic Protocol,Documentary|Animation
201910,Thunder of the Silver Illusion,War|Drama|Fantasy
201911,Hidden Protocol,Mystery|Thriller|Romance
201912,Ancient Guardian,War|Fantasy
201913,Frozen Code,Comedy|Mystery
201914,Infinite Algorithm,Crime|Comedy|Adventure
201915,Memory of the Rising Titan,Film-Noir|Comedy
201916,Force of the Final Soul,Adventure
201917,Protocol of the First Prophecy,Action|Mystery|Crime
201918,Algorithm of the Crimson Heart,War|Action|Sci-Fi
201919,First Heart,Sci-Fi|War|Western
201920,The Final Ocean,Crime|Action
201921,The First Light,Horror|Documentary|Animation
201922,Infinite Illusion,Children
201923,Soul of the First Warrior,Fantasy|Mystery
201924,The Mystic Illusion,Thriller
201925,Thunder of the Broken Heart,Thriller
201926,The Secret Thunder,Film-Noir
201927,Star of the Broken Code,Documentary|Fantasy
201928,Broken Shadow,Fantasy|Crime|Drama
201929,The Awakened Kingdom,Mystery|Film-Noir
201930,The Broken Memory,Children
201931,Illusion of the Ancient Guardian,Musical
201932,Frozen Revenge,Musical
201933,Shattered Ocean,Drama|War|Fantasy
201934,Falling Titan,Horror|Drama
201935,The Iron Shadow,Comedy
201936,The Silver Shadow,Romance
201937,First Heart,Sci-Fi
201938,Awakened Protocol,Animation|Drama
201939,The Lost Warrior,Documentary
201940,Justice of the Dark Kingdom,Children|Comedy
201941,The Brave Soul,Adventure|Comedy|Action
201942,Justice of the Ancient Light,Action|Drama
201943,Broken Legacy,Documentary
201944,Empire of the Burning Mountain,Thriller|Horror
201945,Forgotten Soul,Children|Musical
201946,Illusion of the Infinite Dream,Musical|Horror|Fantasy
201947,Iron Light,Documentary|Drama|Adventure
201948,Shadow of the Rising Titan,Musical|Action|Film-Noir
201949,The Mystic Memory,Thriller|Animation|Romance
201950,The Legendary Heart,Romance
201951,Star of the Frozen Thunder,Sci-Fi|Animation|Mystery
201952,Lost Justice,Horror|Comedy
201953,Revenge of the Broken Guardian,Fantasy
201954,Protocol of the Shattered Light,Western|Children
201955,The Legendary Ocean,Drama
201956,Burning Prophecy,War|Sci-Fi|Action
201957,The Mystic Dimension,Western|Horror
201958,The Final Warrior,Thriller|Adventure|Documentary
201959,Lost Soul,Western
201960,Mountain of the Shattered Legacy,Sci-Fi
201961,Legendary Light,Drama
201962,Forgotten Destiny,Western|Animation
201963,The Last Force,Documentary|Film-Noir|Romance
201964,The Last Heart,War|Musical
201965,The Mystic Kingdom,Comedy|Romance
201966,The Crimson Thunder,Animation
201967,Titan of the Silver Protocol,Western
201968,Kingdom of the Iron Star,War|Drama|Children
201969,Illusion of the Legendary Prophecy,Fantasy|Comedy
201970,Guardian of the Rising Force,Drama|War
201971,Force of the First Guardian,War|Children
201972,The Dark Guardian,Western
201973,Silver Ocean,War
201974,Savage Empire,Animation
201975,The Forgotten Force,Comedy|Documentary
201976,Illusion of the Silent Warrior,Romance
201977,The Eternal Illusion,War|Horror|Fantasy
201978,Protocol of the Iron Shadow,Romance|Animation|Musical
201979,Force of the Silent Dream,Horror
201980,The Last Algorithm,Adventure|Horror
201981,Silent Kingdom,War|Western
201982,Revenge of the Brave Legacy,Sci-Fi|Romance|Animation
201983,Illusion of the Awakened Legacy,Mystery
201984,The Savage Force,Drama|War|Crime
201985,The Burning Shadow,Romance
201986,Lost Storm,Thriller|Adventure|Mystery
201987,The Brave Code,Thriller
201988,First Empire,Crime
201989,Heart of the Frozen Legacy,Sci-Fi
201990,The Forgotten Illusion,Comedy
201991,The Dark Kingdom,Comedy|Drama
201992,The Ancient Kingdom,Horror
201993,Dream of the Legendary Forest,War|Western
201994,The Ancient Soul,Mystery|Horror
201995,Force of the Silver Algorithm,Comedy|Horror
201996,Hidden Forest,Western
201997,The Mystic Dimension,Musical|Children
201998,The Broken Thunder,Thriller
201999,The Ancient Star,Crime|Mystery
